jp_name,n_routes,daily_stop_events,min_transfers_yamanote,max_route_btw_cent,mean_route_degree_cent,mean_route_btw_cent,stop_lat,stop_lon,km_to_yamanote,ward_jp,pop_800m_catchment,ridership_2019,log_ridership,station_key
あざみ野,2.0,1706.0,1.0,0.0465156449618751,0.1025641025641025,0.0284047467843331,35.5682915,139.5537315,16.338396260676582,Outside-23,0.0,216163.0,12.283792657834065,Azamino
お台場海浜公園,1.0,944.0,1.0,0.0031402759574739,0.1153846153846153,0.0031402759574739,35.6299,139.77878,3.322935848858302,港区,17794.0,16899.0,9.735068900911164,Odaiba-kaihinkōen
お花茶屋,1.0,498.0,1.0,0.0293823137877515,0.141025641025641,0.0293823137877515,35.74739,139.83982,6.299937941292246,葛飾区,81269.0,34319.0,10.4434835536019,Ohanajaya
たまプラーザ,1.0,1113.0,1.0,0.0465156449618751,0.1538461538461538,0.0465156449618751,35.577407,139.558583,15.511069346994276,Outside-23,0.0,83136.0,11.32824512844138,Tama-plaza
つつじヶ丘,1.0,953.0,1.0,0.0343543458428573,0.1923076923076923,0.0343543458428573,35.658,139.57519,11.410842738199571,Outside-23,66380.0,45169.0,10.71818842864865,Tsutsujigaoka
ときわ台,1.0,598.0,1.0,0.0,0.0897435897435897,0.0,35.7589,139.68876,3.7954318758695575,板橋区,47082.0,50099.0,10.821776287072955,Tokiwadai
みずほ台,1.0,584.0,1.0,0.0,0.0897435897435897,0.0,35.8382,139.55079,18.80724892544017,Outside-23,0.0,41146.0,10.62490629943787,Mizuhodai
センター北,2.0,1194.0,2.0,0.010293848606791,0.0512820512820512,0.0055397854105423,35.553383,139.579045,15.231313842302468,Outside-23,0.0,60889.0,11.01682423660262,Center Kita
センター南,2.0,1193.0,2.0,0.010293848606791,0.0512820512820512,0.0055397854105423,35.545633,139.574713,16.0605048864986,Outside-23,0.0,58579.0,10.978148620381724,Center Minami
テレコムセンター,1.0,944.0,1.0,0.0031402759574739,0.1153846153846153,0.0031402759574739,35.61756,139.77939,3.883533705236574,江東区,831.0,12140.0,9.404343433543977,Telecom Center
モノレール浜松町,1.0,834.0,2.0,0.0,0.0128205128205128,0.0,35.655417,139.756705,0.0315353357829561,港区,28863.0,117370.0,11.673095137122626,Monorail Hamamatsuchō
一之江,1.0,714.0,1.0,0.0039051722755225,0.2179487179487179,0.0039051722755225,35.685987,139.882586,10.000628888004684,江戸川区,62502.0,44708.0,10.707930102616904,Ichinoe
三ノ輪,1.0,978.0,1.0,0.0200214641887968,0.2435897435897435,0.0200214641887968,35.7295502,139.7913004,1.5210113080827132,台東区,109438.0,43601.0,10.68285829984469,Minowa
三ノ輪橋,1.0,932.0,2.0,0.0001110001110001,0.0256410256410256,0.0001110001110001,35.732207,139.791509,1.728988155587419,荒川区,90791.0,3266.0,8.09162741160107,Minowabashi
三河島,1.0,531.0,1.0,0.0740523911480243,0.3205128205128205,0.0740523911480243,35.73323,139.77676,0.8593729207841394,荒川区,86359.0,23016.0,10.043988352323694,Mikawashima
三田,2.0,1682.0,1.0,0.0286529346993004,0.1923076923076923,0.0165355148275418,35.6476995,139.7479375,0.2200103241091717,港区,67555.0,272791.0,12.516464879008248,Mita
三越前,2.0,2135.0,1.0,0.0452863952870408,0.3012820512820512,0.0393895820218166,35.6860505,139.77333099999998,0.6597748206378669,中央区,16938.0,133564.0,11.802343529715058,Mitsukoshimae
三軒茶屋,2.0,1680.0,1.0,0.0465156449618751,0.0897435897435897,0.023334765739699,35.643732,139.670095,3.248054354705622,世田谷区,80482.0,179069.0,12.095532069830805,Sangen-jaya
三郷,1.0,502.0,1.0,0.0008736492480334,0.1666666666666666,0.0008736492480334,35.84461,139.88675,16.424368952735644,Outside-23,0.0,43210.0,10.673850371449207,Misato
三郷中央,1.0,694.0,1.0,0.0031765482948732,0.1153846153846153,0.0031765482948732,35.8245212,139.8783938,14.319801845179716,Outside-23,0.0,30500.0,10.32551474894327,Misato-chūō
三鷹,2.0,1934.0,1.0,0.031915553902728,0.2884615384615384,0.0255367617377296,35.70268,139.56067,12.592045617579023,Outside-23,72902.0,197414.0,12.193063390936532,Mitaka
三鷹台,1.0,637.0,1.0,0.0295759923537318,0.1794871794871795,0.0295759923537318,35.69205,139.5893,10.03374788260103,Outside-23,48761.0,22072.0,10.002110421141213,Mitakadai
上中里,1.0,940.0,1.0,0.0922427032887405,0.3974358974358974,0.0922427032887405,35.74684,139.74593,1.125790501910349,北区,70806.0,16124.0,9.688126141663972,Kami-Nakazato
上井草,1.0,492.0,1.0,0.0,0.0384615384615384,0.0,35.72511,139.60357,9.126768358911129,杉並区,59609.0,21302.0,9.966603186850204,Kami-Igusa
上北沢,1.0,469.0,1.0,0.0343543458428573,0.1923076923076923,0.0343543458428573,35.66884,139.62342,7.155929054602591,世田谷区,67355.0,15942.0,9.676775140407363,Kami-kitazawa
上本郷,1.0,492.0,2.0,0.0,0.0256410256410256,0.0,35.7896962,139.9162315,14.619844968861186,Outside-23,0.0,7107.0,8.868976189274543,Kamihongō
上板橋,1.0,821.0,1.0,0.0,0.0897435897435897,0.0,35.76362,139.67621,4.886952640645983,板橋区,78517.0,51929.0,10.857651936838364,Kami-itabashi
上町,1.0,695.0,2.0,0.0001538865175228,0.0256410256410256,0.0001538865175228,35.643417,139.646617,5.215122449202586,世田谷区,80846.0,10587.0,9.267476563346992,Kamimachi
上石神井,1.0,1016.0,1.0,0.0,0.0384615384615384,0.0,35.72623,139.59208,10.156033480416353,練馬区,60974.0,44893.0,10.71205943451149,Kami-Shakujii
上野,8.0,5446.0,0.0,0.2422528336324923,0.3076923076923077,0.0599097577307826,35.71351,139.77676,0.0,台東区,45671.0,586612.0,13.282120596889197,Ueno
上野広小路,1.0,1148.0,1.0,0.0452863952870408,0.3461538461538461,0.0452863952870408,35.707765,139.773011,0.1550639288067118,台東区,42924.0,24123.0,10.090962474570878,Ueno-hirokoji
上野御徒町,1.0,756.0,1.0,0.0503284087990258,0.3333333333333333,0.0503284087990258,35.707949,139.773351,0.14077931672476,台東区,48738.0,59753.0,10.997991413159694,Ueno-okachimachi
上野毛,1.0,731.0,2.0,0.0032074050217671,0.0769230769230769,0.0032074050217671,35.611844,139.639125,7.325635427748347,世田谷区,52014.0,22572.0,10.024509780783578,Kaminoge
下丸子,1.0,706.0,2.0,0.0014251303403327,0.0512820512820512,0.0014251303403327,35.571169,139.685759,6.623558231386495,大田区,60893.0,36829.0,10.51406800943911,Shimomaruko
下井草,1.0,492.0,1.0,0.0,0.0384615384615384,0.0,35.72387,139.62432,7.27444338677229,杉並区,70248.0,24921.0,10.123506226502814,Shimo-Igusa
下北沢,2.0,2565.0,1.0,0.0295759923537318,0.1794871794871795,0.0295759923537318,35.66165,139.66757,3.091850960007311,世田谷区,71617.0,237319.0,12.37716472037258,Shimo-Kitazawa
下板橋,1.0,598.0,1.0,0.0,0.0897435897435897,0.0,35.74507,139.71562,1.738910557800471,豊島区,73041.0,16554.0,9.714443449981347,Shimo-itabashi
下神明,1.0,730.0,2.0,0.0032074050217671,0.0769230769230769,0.0032074050217671,35.608815,139.726303,1.217604710177148,品川区,67194.0,8702.0,9.071423072789514,Shimo-shimmei
下落合,1.0,492.0,1.0,0.0,0.0384615384615384,0.0,35.71584,139.69515,0.8489553353323313,新宿区,93757.0,12435.0,9.428350771178645,Shimo-Ochiai
下赤塚,1.0,596.0,1.0,0.0,0.0897435897435897,0.0,35.77048,139.64485,7.478751145710217,板橋区,62479.0,16287.0,9.69818391935025,Shimo-akatsuka
下高井戸,2.0,1309.0,1.0,0.0343543458428573,0.1089743589743589,0.0172541161801901,35.66611,139.64203,5.447674266047506,世田谷区,68473.0,64731.0,11.078010948636775,Shimo-takaido
不動前,1.0,700.0,1.0,0.0211454066109251,0.1025641025641025,0.0211454066109251,35.625773,139.713598,0.8813554248916997,品川区,81630.0,31573.0,10.360089276091673,Fudō-mae
世田谷,1.0,674.0,2.0,0.0001538865175228,0.0256410256410256,0.0001538865175228,35.643463,139.650714,4.862838115597573,世田谷区,79220.0,9119.0,9.118225083068378,Setagaya
世田谷代田,1.0,516.0,1.0,0.0032201422189731,0.1538461538461538,0.0032201422189731,35.65808,139.66101,3.657274350192208,世田谷区,76710.0,9348.0,9.143024664691316,Setagaya-Daita
両国,2.0,1632.0,1.0,0.0503284087990258,0.3333333333333333,0.0503284087990258,35.696807,139.797469,1.8514298361613468,墨田区,73649.0,115790.0,11.659542120893406,Ryogoku
中井,2.0,1280.0,1.0,0.0503284087990258,0.1858974358974359,0.0251642043995129,35.7144925,139.68677300000002,1.5423674826386389,新宿区,86308.0,55114.0,10.917177190397416,Nakai
中川,1.0,593.0,2.0,0.010293848606791,0.0512820512820512,0.010293848606791,35.5629066,139.5699517,15.336567277029864,Outside-23,0.0,18872.0,9.84548760823814,Nakagawa
中延,2.0,1366.0,1.0,0.0286529346993004,0.1602564102564102,0.0159301698605337,35.6054735,139.71314,2.090262953592853,品川区,89493.0,56450.0,10.941128284212754,Nakanobu
中村橋,1.0,719.0,1.0,0.0054994731144995,0.1282051282051282,0.0054994731144995,35.7368,139.63777,6.448386649513504,練馬区,75847.0,41021.0,10.62186378714185,Nakamurabashi
中板橋,1.0,598.0,1.0,0.0,0.0897435897435897,0.0,35.75628,139.69438,3.292121723568484,板橋区,22534.0,29052.0,10.276877027171809,Naka-itabashi
中目黒,2.0,2328.0,1.0,0.0812066517220394,0.2243589743589743,0.0506140579554181,35.64431,139.699116,1.000494799257546,目黒区,64439.0,196777.0,12.18983146873359,Naka-meguro
中野,3.0,3212.0,1.0,0.031915553902728,0.2606837606837606,0.0240485425878969,35.70573,139.66594,3.1340170201507767,中野区,88758.0,301870.0,12.617755052783586,Nakano
中野坂上,3.0,2506.0,1.0,0.0503284087990258,0.2179487179487179,0.0251278115345857,35.697352333333335,139.68243633333333,1.6389175475273663,中野区,105728.0,119753.0,11.693194917638053,Nakano-sakaue
中野富士見町,1.0,658.0,2.0,0.0,0.0256410256410256,0.0,35.69064,139.6672426,2.9930898328194813,中野区,96243.0,20202.0,9.913586387213542,Nakano-fujimicho
中野島,1.0,548.0,2.0,0.0218068409560354,0.1025641025641025,0.0218068409560354,35.63009,139.55087,13.958812958957203,Outside-23,0.0,29994.0,10.308785980087194,Nakanoshima
中野新橋,1.0,656.0,2.0,0.0,0.0256410256410256,0.0,35.691685,139.674001,2.3881537852258785,中野区,108345.0,20884.0,9.946786476931276,Nakano-Shimbashi
乃木坂,1.0,897.0,2.0,0.025633044988058,0.141025641025641,0.025633044988058,35.666592,139.726229,2.1966365858782577,港区,41102.0,42374.0,10.65431384468275,Nogizaka
久が原,1.0,756.0,1.0,0.0012100513866994,0.0641025641025641,0.0012100513866994,35.579837,139.685347,5.890469279552378,大田区,52504.0,16512.0,9.711903228462988,Kugahara
久地,1.0,611.0,2.0,0.0218068409560354,0.1025641025641025,0.0218068409560354,35.60991,139.59317,11.152490502650467,Outside-23,0.0,28648.0,10.262873817519765,Kuji
久我山,1.0,1128.0,1.0,0.0295759923537318,0.1794871794871795,0.0295759923537318,35.68814,139.59932,9.129732868748828,杉並区,44450.0,40879.0,10.618396224877586,Kugayama
九品仏,1.0,731.0,2.0,0.0032074050217671,0.0769230769230769,0.0032074050217671,35.605339,139.661468,5.814997939055916,世田谷区,53651.0,13337.0,9.498372383192253,Kuhombutsu
九段下,3.0,2699.0,1.0,0.0334927687565924,0.2264957264957265,0.0194900151067821,35.695712666666665,139.75137333333333,1.8007287428206449,千代田区,24210.0,292436.0,12.586004537840068,Kudanshita
亀戸,2.0,1326.0,1.0,0.031915553902728,0.1474358974358974,0.0160886592661544,35.69713,139.82648,4.820046893783984,江東区,87137.0,143553.0,11.874466550016445,Kameido
亀戸水神,1.0,452.0,2.0,0.0002617646295807,0.0256410256410256,0.0002617646295807,35.69994,139.83339,5.331226674632965,江東区,118880.0,4352.0,8.378620541552298,Kameidosuijin
亀有,1.0,556.0,2.0,0.0266719676701535,0.0512820512820512,0.0266719676701535,35.76629,139.84731,8.019505513241715,葛飾区,64497.0,85708.0,11.358713116574837,Kameari
二子新地,2.0,730.0,1.0,0.0465156449618751,0.1153846153846153,0.0248615249918211,35.607133,139.622419,8.924156879233376,Outside-23,10129.0,21734.0,9.986679143422892,Futako-shinchi
二子玉川,2.0,1941.0,1.0,0.0465156449618751,0.1153846153846153,0.0248615249918211,35.612226,139.62721249999998,8.337760959374323,世田谷区,28398.0,163140.0,12.002370136540334,Futako-tamagawa
五反田,3.0,2434.0,0.0,0.2422528336324923,0.3034188034188034,0.0907052732394973,35.626097,139.723952,0.0514878764740039,品川区,84598.0,468629.0,13.057568823493163,Gotanda
五反野,1.0,617.0,2.0,0.0320053421544036,0.1153846153846153,0.0320053421544036,35.7659,139.80963,5.377268420531332,足立区,73382.0,36756.0,10.512083962693172,Gotanno
井の頭公園,1.0,637.0,1.0,0.0295759923537318,0.1794871794871795,0.0295759923537318,35.6973,139.58312,10.57029596754605,Outside-23,55494.0,6814.0,8.826881344130634,Inokashira-kōen
井荻,1.0,492.0,1.0,0.0,0.0384615384615384,0.0,35.72454,139.61465,8.147637960540793,杉並区,60875.0,19818.0,9.894396352524348,Iogi
京急川崎,2.0,1649.0,1.0,0.0258911023616905,0.0641025641025641,0.0129455511808452,35.532467,139.700709,10.010051687941072,Outside-23,61.0,132524.0,11.794526585856008,Keikyū Kawasaki
京急蒲田,2.0,2239.0,1.0,0.0258911023616905,0.1089743589743589,0.0257660640013581,35.560659,139.723725,6.571565060127197,大田区,84732.0,65123.0,11.084048423851405,Keikyū Kamata
京急鶴見,1.0,699.0,1.0,0.0258911023616905,0.1153846153846153,0.0258911023616905,35.507201,139.678004,13.30581755576896,Outside-23,0.0,33348.0,10.414783065886716,Keikyū Tsurumi
京成上野,3.0,893.0,1.0,0.0293823137877515,0.1239316239316239,0.0186857939741736,35.7109406,139.7735044,0.4099075816918202,台東区,42584.0,50235.0,10.824487180138018,Keisei-Ueno
京成小岩,1.0,656.0,1.0,0.0293823137877515,0.141025641025641,0.0293823137877515,35.74201,139.8833,9.791427164704182,江戸川区,72459.0,18803.0,9.841824892144022,Keisei-Koiwa
京成曳舟,1.0,604.0,2.0,0.0041751898894756,0.0769230769230769,0.0041751898894756,35.7179,139.81934,3.762731675416266,墨田区,86983.0,19791.0,9.893033094632267,Keisei-Hikifune
京成立石,1.0,604.0,2.0,0.0041751898894756,0.0769230769230769,0.0041751898894756,35.73808,139.84831,6.626759555627769,葛飾区,56857.0,39010.0,10.57159893662485,Keisei-Tateishi
京成金町,1.0,328.0,2.0,0.0,0.0384615384615384,0.0,35.768606,139.870409,9.870618885387357,葛飾区,55499.0,25352.0,10.140652345212592,Keisei-Kanamachi
京成関屋,1.0,498.0,1.0,0.0293823137877515,0.141025641025641,0.0293823137877515,35.74372,139.81152,3.930138346443276,足立区,42336.0,25614.0,10.150933396373302,Keisei-Sekiya
京成高砂,4.0,2071.0,1.0,0.0293823137877515,0.0865384615384615,0.0136127434679941,35.75076,139.86726,8.708300282852813,葛飾区,53889.0,106481.0,11.57573123576262,Keisei-Takasago
京橋,1.0,1148.0,1.0,0.0452863952870408,0.3461538461538461,0.0452863952870408,35.676704,139.77011,0.5814337850062667,中央区,20760.0,512151.0,13.14637673496298,Kyobashi
人形町,2.0,1851.0,1.0,0.0286529346993004,0.2435897435897435,0.0243371994440486,35.686302,139.7823075,1.204802044716088,中央区,41972.0,136309.0,11.822686982564887,Ningyocho
仙川,1.0,866.0,1.0,0.0343543458428573,0.1923076923076923,0.0343543458428573,35.66238,139.58524,10.514058818860544,Outside-23,49509.0,82714.0,11.323156243041115,Sengawa
代々木,3.0,2684.0,0.0,0.2422528336324923,0.4017094017094016,0.108165598778082,35.68352,139.70205,0.0,渋谷区,25248.0,179242.0,12.096497706095429,Yoyogi
代々木上原,2.0,2312.0,1.0,0.025633044988058,0.1538461538461538,0.025633044988058,35.66906,139.67968,2.086132686262167,渋谷区,73389.0,283238.0,12.5540463431847,Yoyogi-Uehara
代々木八幡,1.0,462.0,1.0,0.0032201422189731,0.1538461538461538,0.0032201422189731,35.66948,139.68863,1.2787938361375666,渋谷区,45295.0,20580.0,9.93212359907246,Yoyogi-Hachiman
代々木公園,1.0,890.0,2.0,0.025633044988058,0.141025641025641,0.025633044988058,35.669104,139.689791,1.1832192995536903,渋谷区,47252.0,29250.0,10.283669040109793,Yoyogi-koen
代官山,1.0,647.0,1.0,0.0812066517220394,0.2051282051282051,0.0812066517220394,35.648043,139.703084,0.6308973230105605,渋谷区,56767.0,31241.0,10.349518622390956,Daikan-yama
代田橋,1.0,481.0,1.0,0.0343543458428573,0.1923076923076923,0.0343543458428573,35.67108,139.6594,3.903323721372586,世田谷区,89881.0,20131.0,9.91006586789625,Daitabashi
仲御徒町,1.0,978.0,1.0,0.0200214641887968,0.2435897435897435,0.0200214641887968,35.706655,139.77619,0.1580669398916184,台東区,53617.0,43271.0,10.675261053551264,Naka-okachimachi
仲町台,1.0,593.0,2.0,0.010293848606791,0.0512820512820512,0.010293848606791,35.53523,139.589828,15.652956313487316,Outside-23,0.0,33642.0,10.423560289658782,Nakamachidai
住吉,2.0,1684.0,1.0,0.0334927687565924,0.2371794871794871,0.0186989705160574,35.688872,139.815695,4.004349812540861,江東区,74499.0,210129.0,12.255481665787716,Sumiyoshi
保谷,1.0,820.0,1.0,0.0054994731144995,0.1282051282051282,0.0054994731144995,35.74832,139.56754,12.90164875094552,Outside-23,52495.0,63372.0,11.056793182210107,Hōya
信濃町,1.0,876.0,1.0,0.031915553902728,0.2692307692307692,0.031915553902728,35.67991,139.72094,1.7527351460579306,新宿区,15986.0,52516.0,10.868892205688535,Shinanomachi
元住吉,2.0,1278.0,1.0,0.0812066517220394,0.1538461538461538,0.0511760291664823,35.5646095,139.653993,9.090417711321916,Outside-23,0.0,67853.0,11.125113617099382,Motosumiyoshi
光が丘,1.0,788.0,1.0,0.0503284087990258,0.3333333333333333,0.0503284087990258,35.758527,139.628901,8.059247817994137,練馬区,63207.0,63120.0,11.052808798233295,Hikarigaoka
入谷,1.0,978.0,1.0,0.0200214641887968,0.2435897435897435,0.0200214641887968,35.720565,139.784466,0.6008919284155618,台東区,96121.0,36129.0,10.494878824141686,Iriya
八丁堀,3.0,1750.0,1.0,0.0200214641887968,0.2435897435897435,0.0200214641887968,35.675368,139.777334,1.1400018472918754,中央区,41325.5,203259.0,12.222241226691756,Hatchobori
八丁畷,2.0,617.0,1.0,0.0258911023616905,0.1153846153846153,0.0258911023616905,35.523119,139.691491,11.238128472296609,Outside-23,0.0,19575.0,9.882059605122508,Hatchō-nawate
八幡山,1.0,617.0,1.0,0.0343543458428573,0.1923076923076923,0.0343543458428573,35.67008,139.61448,7.962162325863646,杉並区,71631.0,43346.0,10.676992775661722,Hachiman-yama
八広,1.0,604.0,2.0,0.0041751898894756,0.0769230769230769,0.0041751898894756,35.72705,139.82803,4.573125974494625,墨田区,53269.0,12678.0,9.447702360527948,Yahiro
八潮,1.0,830.0,1.0,0.0031765482948732,0.1153846153846153,0.0031765482948732,35.8078016,139.84483,10.854180664294235,Outside-23,0.0,49100.0,10.801634680173994,Yashio
六本木,2.0,1770.0,1.0,0.0503284087990258,0.2884615384615384,0.0351749364939113,35.663453,139.7312545,2.4260727791633863,港区,45200.0,231703.0,12.353215973974516,Roppongi
六本木一丁目,1.0,734.0,1.0,0.0295215446290046,0.1666666666666666,0.0295215446290046,35.665075,139.7389,1.7200250948478115,港区,39883.0,88958.0,11.395930868414034,Roppongi-itchome
六町,1.0,539.0,1.0,0.0031765482948732,0.1153846153846153,0.0031765482948732,35.784856,139.8218755,7.585022673459849,足立区,33359.0,30100.0,10.31231367277647,Rokuchō
六郷土手,1.0,445.0,1.0,0.0258911023616905,0.1153846153846153,0.0258911023616905,35.540782,139.707686,8.965260485247484,大田区,31481.0,16441.0,9.70759431571208,Rokugōdote
内幸町,1.0,752.0,1.0,0.0044180949557833,0.141025641025641,0.0044180949557833,35.669344,139.75533,0.4094278576409642,港区,10636.0,44741.0,10.70866793677185,Uchisaiwaicho
初台,1.0,714.0,1.0,0.0,0.141025641025641,0.0,35.68051,139.68671,1.4253608740506545,渋谷区,78056.0,65172.0,11.084800551717894,Hatsudai
勝どき,1.0,784.0,1.0,0.0503284087990258,0.3333333333333333,0.0503284087990258,35.658934,139.777138,1.855565322033348,中央区,65511.0,108147.0,11.591255938376184,Kachidoki
北千住,5.0,4996.0,1.0,0.0740523911480243,0.2179487179487179,0.0386144697214487,35.7499,139.80482,3.971434046772934,足立区,21601.0,1294209.0,14.073411028356476,Kita-Senju
北千束,1.0,730.0,2.0,0.0032074050217671,0.0769230769230769,0.0032074050217671,35.606322,139.693215,3.503568649629466,大田区,70130.0,7268.0,8.891374009484636,Kita-senzoku
北参道,1.0,728.0,1.0,0.0186180234263645,0.2179487179487179,0.0186180234263645,35.678503,139.705469,0.6376327413797773,渋谷区,28308.0,24879.0,10.121819546853116,Kita-sando
北品川,1.0,438.0,1.0,0.0258911023616905,0.1153846153846153,0.0258911023616905,35.622066,139.739202,0.7501059319369346,品川区,78121.0,9538.0,9.163143937145207,Kitashinagawa
北国分,1.0,285.0,2.0,0.0,0.0384615384615384,0.0,35.7629228,139.9141728,13.143811985174365,Outside-23,0.0,8356.0,9.030854790001436,Kita-Kokubun
北山田,1.0,601.0,2.0,0.0007857222142936,0.0512820512820512,0.0007857222142936,35.56095,139.592827,13.728060127086836,Outside-23,0.0,28444.0,10.255727677184748,Kita-yamata
北戸田,1.0,514.0,1.0,0.0251524865741204,0.3333333333333333,0.0251524865741204,35.827588,139.660185,11.787948762032448,Outside-23,0.0,44040.0,10.69287629720916,Kita-Toda
北新横浜,1.0,586.0,2.0,0.010293848606791,0.0512820512820512,0.010293848606791,35.519237,139.612816,15.29110583423548,Outside-23,0.0,12471.0,9.431241410737613,Kita-shin-yokohama
北朝霞,1.0,509.0,1.0,0.0008736492480334,0.1666666666666666,0.0008736492480334,35.81544,139.58733,14.65715541330012,Outside-23,0.0,141768.0,11.861954251408308,Kita-Asaka
北松戸,1.0,536.0,2.0,0.0266719676701535,0.0512820512820512,0.0266719676701535,35.80045,139.91147,14.92637993958396,Outside-23,0.0,43432.0,10.678974799818294,Kita-Matsudo
北池袋,1.0,598.0,1.0,0.0,0.0897435897435897,0.0,35.74033,139.71639,1.2597744193096327,豊島区,96963.0,10036.0,9.2140335438138,Kita-ikebukuro
北綾瀬,1.0,472.0,2.0,0.025633044988058,0.141025641025641,0.025633044988058,35.77689,139.832095,7.736448798737507,足立区,60468.0,37943.0,10.543866667557417,Kita-ayase
北赤羽,1.0,514.0,1.0,0.0251524865741204,0.3333333333333333,0.0251524865741204,35.78684,139.70566,6.349339272615599,北区,46042.0,38092.0,10.547785817200792,Kita-Akabane
十条,1.0,760.0,1.0,0.0251524865741204,0.3333333333333333,0.0251524865741204,35.76034,139.7222,3.239886567439981,北区,54984.0,87866.0,11.383579586561892,Jūjō
千住大橋,1.0,579.0,1.0,0.0293823137877515,0.141025641025641,0.0293823137877515,35.74196,139.7967,2.8518883239898813,足立区,52393.0,16198.0,9.692704790920136,Senjuōhashi
千川,2.0,1430.0,1.0,0.038428907983954,0.2179487179487179,0.0285234657051593,35.738175,139.6894,2.150965673030516,豊島区,69236.0,40617.0,10.611966597093057,Senkawa
千歳烏山,1.0,1477.0,1.0,0.0343543458428573,0.1923076923076923,0.0343543458428573,35.66784,139.60038,9.20026307512479,世田谷区,70762.0,83257.0,11.329699499321851,Chitose-karasuyama
千歳船橋,1.0,592.0,1.0,0.0032201422189731,0.1538461538461538,0.0032201422189731,35.64742,139.62401,7.097985628934072,世田谷区,68005.0,60683.0,11.013435350867985,Chitose-Funabashi
千石,1.0,752.0,1.0,0.0044180949557833,0.141025641025641,0.0044180949557833,35.727772,139.744984,0.7943542605825376,文京区,69980.0,30729.0,10.33299465512453,Sengoku
千駄木,1.0,914.0,2.0,0.025633044988058,0.141025641025641,0.025633044988058,35.725746,139.763303,0.7052345961566985,文京区,76999.0,29659.0,10.297554615691922,Sendagi
千鳥町,1.0,756.0,1.0,0.0012100513866994,0.0641025641025641,0.0012100513866994,35.57278,139.691558,6.181415397287024,大田区,88071.0,16646.0,9.719985298994011,Chidorichō
半蔵門,1.0,989.0,1.0,0.0334927687565924,0.2564102564102564,0.0334927687565924,35.68538,139.741695,2.239813453409063,千代田区,8793.0,91881.0,11.42826042408898,Hanzomon
南千住,3.0,2354.0,1.0,0.0740523911480243,0.2435897435897435,0.0386144697214487,35.73407,139.79926,2.250398440435468,荒川区,74625.5,78285.0,11.268124066503216,Minami-Senju
南新宿,1.0,462.0,1.0,0.0032201422189731,0.1538461538461538,0.0032201422189731,35.68347,139.69851,0.3197749626004626,渋谷区,29659.0,3977.0,8.288534459413917,Minami-Shinjuku
南流山,2.0,1311.0,1.0,0.0031765482948732,0.141025641025641,0.0020250987714533,35.83767,139.90397,17.014078130118154,Outside-23,0.0,145008.0,11.88455108844203,Minami-Nagareyama
南浦和,2.0,1449.0,1.0,0.0922427032887405,0.282051282051282,0.046558176268387,35.84766,139.66899,13.63006018310763,Outside-23,0.0,120778.0,11.70171770831114,Minami-Urawa
南砂町,1.0,736.0,1.0,0.0210721042882315,0.2051282051282051,0.0210721042882315,35.668415,139.831695,6.013336696355792,江東区,50368.0,60969.0,11.01813721890186,Minami-sunamachi
南行徳,1.0,713.0,1.0,0.0210721042882315,0.2051282051282051,0.0210721042882315,35.672729,139.902276,12.025879645098534,Outside-23,0.0,53769.0,10.892470969803725,Minami-gyotoku
南鳩ヶ谷,1.0,533.0,2.0,0.0,0.0128205128205128,0.0,35.8165341,139.7362407,8.923570909460041,Outside-23,0.0,16400.0,9.70509758756311,Minami-hatogaya
原宿,1.0,1020.0,0.0,0.2422528336324923,0.6025641025641025,0.2422528336324923,35.67129,139.70261,0.0,渋谷区,19964.0,150682.0,11.92293357135028,Harajuku
参宮橋,1.0,462.0,1.0,0.0032201422189731,0.1538461538461538,0.0032201422189731,35.67871,139.69355,0.9356646581958312,渋谷区,42613.0,14612.0,9.589666822474651,Sangubashi
台場,1.0,944.0,1.0,0.0031402759574739,0.1153846153846153,0.0031402759574739,35.62591,139.77142,2.973594817144925,港区,6415.0,21421.0,9.972173710324576,Daiba
吉祥寺,3.0,2833.0,1.0,0.031915553902728,0.2521367521367521,0.0268831719430636,35.70295,139.57984,10.861954284386789,Outside-23,51565.0,434271.0,12.981426344881095,Kichijōji
向ヶ丘遊園,1.0,974.0,1.0,0.0032201422189731,0.1538461538461538,0.0032201422189731,35.61721,139.56452,13.181301424093723,Outside-23,0.0,67384.0,11.11817772020326,Mukogaoka-Yuen
向原,1.0,912.0,2.0,0.0001110001110001,0.0256410256410256,0.0001110001110001,35.728775,139.724759,0.4194704936616442,豊島区,81751.0,1868.0,7.533158807455563,Mukohara
向河原,1.0,631.0,2.0,0.0218068409560354,0.1025641025641025,0.0218068409560354,35.57242,139.66733,7.615672722764307,Outside-23,16695.0,25626.0,10.15140176217555,Mukaigawara
和光市,3.0,2315.0,1.0,0.038428907983954,0.1752136752136752,0.0190156438034395,35.78835,139.61286,10.980169053999578,Outside-23,0.0,180819.0,12.105257340291358,Wakoshi
和泉多摩川,1.0,530.0,1.0,0.0032201422189731,0.1538461538461538,0.0032201422189731,35.62748,139.57369,12.035624103334111,Outside-23,25056.0,15751.0,9.664722620318962,Izumi-Tamagawa
品川,8.0,5011.0,0.0,0.2422528336324923,0.298076923076923,0.0666921105227905,35.6288,139.73871,0.0,港区,61856.0,1131514.0,13.9390680007067,Shinagawa
品川シーサイド,1.0,544.0,2.0,0.0,0.0128205128205128,0.0,35.60897,139.74967,2.263885249320437,品川区,52082.0,48462.0,10.788555899181572,Shinagawa Seaside
喜多見,1.0,530.0,1.0,0.0032201422189731,0.1538461538461538,0.0032201422189731,35.63651,139.58686,10.628951750901711,世田谷区,56721.0,34207.0,10.440214813824772,Kitami
四ツ木,1.0,604.0,2.0,0.0041751898894756,0.0769230769230769,0.0041751898894756,35.73167,139.83462,5.251213662603664,葛飾区,47585.0,16982.0,9.73996812270477,Yotsugi
四ツ谷,4.0,3720.0,1.0,0.031915553902728,0.2596153846153846,0.0264125234772988,35.6849,139.73038,2.563290421207664,千代田区,9055.0,324670.0,12.690567640890078,Yotsuya
四谷三丁目,1.0,1050.0,1.0,0.0250550258047314,0.2948717948717949,0.0250550258047314,35.6879717,139.7205672,1.7441138633831554,新宿区,13120.0,47014.0,10.758221978711177,Yotsuya-sanchome
国会議事堂前,2.0,1947.0,1.0,0.025633044988058,0.2179487179487179,0.0253440353963947,35.6740506,139.74437799999998,1.4934414433423622,千代田区,15371.0,43239.0,10.674521271753145,Kokkai-gijidomae
国府台,1.0,430.0,1.0,0.0293823137877515,0.141025641025641,0.0293823137877515,35.73623,139.90246,11.368396533001258,Outside-23,15427.0,13201.0,9.488123612248716,Kōnodai
国立競技場,1.0,788.0,1.0,0.0503284087990258,0.3333333333333333,0.0503284087990258,35.679896,139.714667,1.2087212777878735,新宿区,21511.0,10764.0,9.284055409798464,Kokuritsu-kyogijo
国際展示場,1.0,558.0,2.0,0.0,0.0128205128205128,0.0,35.63457,139.79163,3.893521019542042,江東区,17138.0,59392.0,10.99193165328861,Kokusai-tenjijo
国領,1.0,461.0,1.0,0.0343543458428573,0.1923076923076923,0.0343543458428573,35.65018,139.55843,12.954609641979768,Outside-23,67974.0,38713.0,10.563956570705493,Kokuryō
地下鉄成増,2.0,1053.0,1.0,0.038428907983954,0.2179487179487179,0.0285234657051593,35.77674,139.63117,8.885028814221865,板橋区,61852.0,53700.0,10.891186902297498,Chikatetsu-narimasu
地下鉄赤塚,2.0,1053.0,1.0,0.038428907983954,0.2179487179487179,0.0285234657051593,35.7699805,139.6440005,7.50693701074632,練馬区,59969.0,40635.0,10.612409652211436,Chikatetsu-akatsuka
堀切,1.0,445.0,2.0,0.0320053421544036,0.1153846153846153,0.0320053421544036,35.74334,139.81738,4.327814590631952,足立区,51119.0,4498.0,8.411610428841172,Horikiri
堀切菖蒲園,1.0,498.0,1.0,0.0293823137877515,0.141025641025641,0.0293823137877515,35.74742,139.8272,5.3167033590465245,葛飾区,53169.0,22589.0,10.025262609462049,Horikirishōbuen
外苑前,1.0,1148.0,1.0,0.0452863952870408,0.3461538461538461,0.0452863952870408,35.670375,139.717825,1.3781710588971858,港区,31317.0,82336.0,11.318575860363332,Gaiemmae
多摩川,3.0,2747.0,1.0,0.0812066517220394,0.1196581196581196,0.0345923962244324,35.589219,139.66887333333332,6.351849440161035,大田区,19685.0,17935.0,9.79456514531194,Tamagawa
大久保,1.0,876.0,1.0,0.031915553902728,0.2692307692307692,0.031915553902728,35.70046,139.69733,0.2520582060815305,新宿区,67977.0,122947.0,11.71951678073692,Ōkubo
大井町,3.0,2418.0,1.0,0.0922427032887405,0.2371794871794871,0.0477250541552538,35.60741,139.73474,1.4777751497642704,品川区,82156.0,443295.0,13.001992997457606,Oimachi
大井競馬場前,1.0,559.0,2.0,0.0,0.0128205128205128,0.0,35.595025,139.747055,3.217694973060248,品川区,30115.0,11361.0,9.338029733117072,Ōi Keibajō Mae
大倉山,1.0,637.0,1.0,0.0812066517220394,0.2051282051282051,0.0812066517220394,35.521883,139.629947,14.048247362505933,Outside-23,0.0,67140.0,11.114550164673927,Ōkurayama
大塚,1.0,1006.0,0.0,0.2422528336324923,0.6025641025641025,0.2422528336324923,35.73157,139.72788,0.0,豊島区,96567.0,119505.0,11.691121858298285,Ōtsuka
大塚駅前,1.0,942.0,2.0,0.0001110001110001,0.0256410256410256,0.0001110001110001,35.731188,139.729098,0.1178617816721576,豊島区,102699.0,7990.0,8.986071187374463,Otsuka-ekimae
大山,1.0,598.0,1.0,0.0,0.0897435897435897,0.0,35.74841,139.70262,2.190923893502581,板橋区,21295.0,52049.0,10.859960074043116,Oyama
大岡山,2.0,1887.0,1.0,0.0211454066109251,0.0897435897435897,0.0121764058163461,35.6074865,139.6856425,3.967574241191703,大田区,62079.0,51126.0,10.842068012384344,Ōokayama
大島,1.0,751.0,1.0,0.0039051722755225,0.2179487179487179,0.0039051722755225,35.689752,139.834705,5.66240436798342,江東区,117852.0,34119.0,10.437639001605616,Ojima
大崎,5.0,3511.0,0.0,0.2422528336324923,0.3397435897435897,0.0759548646921225,35.61963921489,139.72834020585,0.0,品川区,63346.0,346272.0,12.754982760270355,Osaki
大崎広小路,1.0,778.0,1.0,0.0012100513866994,0.0641025641025641,0.0012100513866994,35.622722,139.722711,0.4032747636097716,品川区,84286.0,8633.0,9.063463176115423,Ōsakihirōkoji
大師前,1.0,437.0,3.0,0.0,0.0128205128205128,0.0,35.77895,139.78165,4.965374110746658,足立区,69278.0,13982.0,9.54559758504085,Daishimae
大師橋,1.0,475.0,2.0,0.0,0.0128205128205128,0.0,35.5367,139.74086,9.291664761857408,Outside-23,0.0,10803.0,9.287671714912506,Daishibashi
大手町,5.0,4706.0,1.0,0.0334927687565924,0.2076923076923077,0.0219342077586793,35.685532,139.7646442,0.5179430293866962,千代田区,3829.0,479505.0,13.080511686261753,Otemachi
大森,1.0,942.0,1.0,0.0922427032887405,0.3974358974358974,0.0922427032887405,35.5888,139.72788,3.429416633696974,大田区,89005.0,193995.0,12.1755928192762,Ōmori
大森海岸,1.0,438.0,1.0,0.0258911023616905,0.1153846153846153,0.0258911023616905,35.587456,139.735143,3.631076275591509,品川区,80140.0,16501.0,9.711236864664288,Ōmorikaigan
大森町,1.0,437.0,1.0,0.0258911023616905,0.1153846153846153,0.0258911023616905,35.572594,139.732152,5.242530410528745,大田区,81445.0,22573.0,10.024554080515571,Ōmorimachi
大泉学園,1.0,811.0,1.0,0.0054994731144995,0.1282051282051282,0.0054994731144995,35.74952,139.58655,11.282503594557465,練馬区,76505.0,87359.0,11.377792790978733,Ōizumi-gakuen
大門,2.0,1716.0,1.0,0.0503284087990258,0.2884615384615384,0.0394906717491631,35.6567705,139.7551875,0.2226010475442238,港区,27433.0,258668.0,12.463304531075115,Daimon
大鳥居,1.0,592.0,1.0,0.0256410256410256,0.1025641025641025,0.0256410256410256,35.552608,139.739219,7.5181707432920195,大田区,57169.0,28927.0,10.272565263191902,Ōtorii
天王洲アイル,2.0,1103.0,2.0,0.0,0.0128205128205128,0.0,35.62038,139.75084,1.2836294727008082,品川区,42112.0,76333.0,11.242873727454583,Tennozu Isle
天空橋,2.0,1117.0,1.0,0.0256410256410256,0.0576923076923076,0.0128205128205128,35.548732,139.754041,8.219933443571243,大田区,10827.0,33849.0,10.42969427834042,Tenkūbashi
奥沢,1.0,704.0,1.0,0.0211454066109251,0.1025641025641025,0.0211454066109251,35.603731,139.6721,5.145433431140988,世田谷区,62711.0,14010.0,9.547598014371232,Okusawa
学習院下,1.0,912.0,2.0,0.0001110001110001,0.0256410256410256,0.0001110001110001,35.716347,139.712529,0.7121051028145706,豊島区,77853.0,1716.0,7.448333860897476,Gakushuinshita
学芸大学,1.0,1090.0,1.0,0.0812066517220394,0.2051282051282051,0.0812066517220394,35.628969,139.685394,2.781777618351276,目黒区,72806.0,77850.0,11.262552022394802,Gakugei-daigaku
宝町,1.0,873.0,1.0,0.0286529346993004,0.2435897435897435,0.0286529346993004,35.675606,139.771966,0.7738469609139315,中央区,32041.0,34782.0,10.456884040657634,Takaracho
宮の坂,1.0,680.0,2.0,0.0001538865175228,0.0256410256410256,0.0001538865175228,35.647878,139.644941,5.230907002975301,世田谷区,77427.0,4807.0,8.478036476215044,Miyanosaka
宮ノ前,1.0,964.0,2.0,0.0001110001110001,0.0256410256410256,0.0001110001110001,35.749811,139.76619,1.4437576365564704,荒川区,61555.0,3101.0,8.039802343736485,Miyanomae
宮前平,1.0,658.0,1.0,0.0465156449618751,0.1538461538461538,0.0465156449618751,35.584939,139.581552,13.272693428880562,Outside-23,0.0,51907.0,10.85722819985712,Miyamaedaira
宮崎台,1.0,658.0,1.0,0.0465156449618751,0.1538461538461538,0.0465156449618751,35.587537,139.591677,12.319349573866328,Outside-23,0.0,50176.0,10.82331203335842,Miyazakidai
宿河原,1.0,611.0,2.0,0.0218068409560354,0.1025641025641025,0.0218068409560354,35.61519,139.57956,12.00148065303199,Outside-23,1351.0,16446.0,9.707898368741269,Shukugawara
富士見ヶ丘,1.0,687.0,1.0,0.0295759923537318,0.1794871794871795,0.0295759923537318,35.68481,139.6072,8.436590438153356,杉並区,65723.0,13958.0,9.543879740512756,Fujimigaoka
富士見台,1.0,719.0,1.0,0.0054994731144995,0.1282051282051282,0.0054994731144995,35.7359,139.63,7.097911041603608,練馬区,64626.0,27936.0,10.237707254104048,Fujimidai
小伝馬町,1.0,978.0,1.0,0.0200214641887968,0.2435897435897435,0.0200214641887968,35.690423,139.778758,0.7432561199700727,中央区,41268.0,41132.0,10.624565998024766,Kodemmacho
小台,1.0,964.0,2.0,0.0001110001110001,0.0256410256410256,0.0001110001110001,35.750477,139.761739,1.454269692616783,荒川区,68304.0,3186.0,8.066835314417336,Odai
小岩,1.0,874.0,1.0,0.031915553902728,0.2692307692307692,0.031915553902728,35.73324,139.88175,9.470789187608435,江戸川区,72329.0,132960.0,11.797811131119955,Koiwa
小島新田,1.0,475.0,2.0,0.0,0.0128205128205128,0.0,35.534825,139.747862,9.594744886225374,Outside-23,0.0,22743.0,10.032056653330836,Kojimashinden
小川町,1.0,728.0,1.0,0.0039051722755225,0.2179487179487179,0.0039051722755225,35.695005,139.766449,0.538348212420839,千代田区,23209.0,85514.0,11.356447078133792,Ogawamachi
小机,1.0,527.0,2.0,0.0,0.0128205128205128,0.0,35.50853,139.59956,16.980284225670935,Outside-23,0.0,20776.0,9.941601884644786,Kozukue
小村井,1.0,452.0,2.0,0.0002617646295807,0.0256410256410256,0.0002617646295807,35.71032,139.82761,4.604729161706876,墨田区,70675.0,11693.0,9.366831168735615,Omurai
小竹向原,3.0,2230.0,1.0,0.038428907983954,0.1666666666666666,0.0191083280163253,35.743395,139.67952,3.208441990322878,練馬区,57830.0,339614.0,12.735567902055188,Kotake-Mukaihara
小菅,1.0,617.0,2.0,0.0320053421544036,0.1153846153846153,0.0320053421544036,35.75869,139.81265,5.105455669283929,足立区,47906.0,6177.0,8.728749873478527,Kosuge
小金城趾,1.0,246.0,3.0,0.0,0.0128205128205128,0.0,35.835906,139.9171429,17.807315000902705,Outside-23,0.0,1721.0,7.451241684987676,Kogane-Joshi
尻手,2.0,803.0,2.0,0.0218068409560354,0.0641025641025641,0.0110312688201517,35.53075,139.684,10.666555702582242,Outside-23,0.0,29774.0,10.3014243942235,Shitte
尾久,2.0,559.0,1.0,0.0016838880464108,0.2051282051282051,0.0016838880464108,35.74657,139.75371,1.2030881741840098,北区,68088.0,20000.0,9.90353755128617,Oku
尾山台,1.0,731.0,2.0,0.0032074050217671,0.0769230769230769,0.0032074050217671,35.607179,139.653401,6.34417159626152,世田谷区,51235.0,30594.0,10.328591875896642,Oyamadai
山下,1.0,680.0,2.0,0.0001538865175228,0.0256410256410256,0.0001538865175228,35.65386,139.646589,4.981183141289758,世田谷区,84072.0,17019.0,9.742144402127366,Yamashita
岩本町,1.0,728.0,1.0,0.0039051722755225,0.2179487179487179,0.0039051722755225,35.695607,139.775115,0.3556011748041315,千代田区,36261.0,55446.0,10.923182888519593,Iwamotocho
川口,1.0,929.0,1.0,0.0922427032887405,0.3974358974358974,0.0922427032887405,35.80156,139.71732,7.706623302734485,Outside-23,0.0,169062.0,12.0380267055047,Kawaguchi
川口元郷,1.0,533.0,2.0,0.0,0.0128205128205128,0.0,35.800644,139.730495,7.265996306070633,Outside-23,0.0,20800.0,9.942756341456828,Kawaguchi-motogō
川崎,3.0,2038.0,1.0,0.0922427032887405,0.2393162393162392,0.0401572589441734,35.53131,139.69678,10.228103531376664,Outside-23,61.0,429202.0,12.969685279462622,Kawasaki
川崎大師,1.0,475.0,2.0,0.0,0.0128205128205128,0.0,35.535614,139.726157,9.345263621346474,Outside-23,61.0,18231.0,9.81093357092552,Kawasakidaishi
川崎新町,1.0,160.0,3.0,0.0002556966842681,0.0256410256410256,0.0002556966842681,35.51798,139.69956,11.599842210723514,Outside-23,0.0,5640.0,8.637816633739977,Kawasakishimmachi
巣鴨,2.0,1758.0,0.0,0.2422528336324923,0.3717948717948718,0.1233354642941378,35.73383,139.74032,0.0,豊島区,85707.0,248965.0,12.425071619938826,Sugamo
巣鴨新田,1.0,942.0,2.0,0.0001110001110001,0.0256410256410256,0.0001110001110001,35.735682,139.727684,0.4575756646436545,豊島区,111522.0,1180.0,7.074116816197362,Sugamoshinden
市場前,1.0,950.0,1.0,0.0031402759574739,0.1153846153846153,0.0031402759574739,35.64569,139.78565,2.803235829541143,江東区,16652.0,11393.0,9.34084218004034,Shijō-mae
市川,2.0,1386.0,1.0,0.031915553902728,0.2115384615384615,0.0163333291750681,35.72879,139.90786,11.763950241136246,Outside-23,0.0,122836.0,11.718613552244165,Ichikawa
市川真間,1.0,430.0,1.0,0.0293823137877515,0.141025641025641,0.0293823137877515,35.73101,139.91144,12.105700376067372,Outside-23,0.0,7258.0,8.889997357284841,Ichikawamama
布田,1.0,461.0,1.0,0.0343543458428573,0.1923076923076923,0.0343543458428573,35.64986,139.55172,13.561919222600093,Outside-23,71422.0,16784.0,9.728240909414136,Fuda
幡ヶ谷,1.0,714.0,1.0,0.0,0.141025641025641,0.0,35.6772317,139.6768293,2.3828775392592485,渋谷区,90656.0,32604.0,10.392220929827303,Hatagaya
平井,1.0,874.0,1.0,0.031915553902728,0.2692307692307692,0.031915553902728,35.70629,139.84231,5.972604864284716,江戸川区,62609.0,68339.0,11.132250525669283,Hirai
平和台,2.0,1053.0,1.0,0.038428907983954,0.2179487179487179,0.0285234657051593,35.757555,139.6543,5.965426555032163,練馬区,66060.0,47003.0,10.757987983453832,Heiwadai
平和島,1.0,1055.0,1.0,0.0258911023616905,0.1153846153846153,0.0258911023616905,35.578732,139.734865,4.586770059365678,大田区,77126.0,48639.0,10.792201516640048,Heiwajima
平間,1.0,631.0,2.0,0.0218068409560354,0.1025641025641025,0.0218068409560354,35.56047,139.67095,8.379603769417125,Outside-23,61.0,29558.0,10.294143544990584,Hirama
幸谷,1.0,246.0,3.0,0.0,0.0128205128205128,0.0,35.8265973,139.9198204,17.352615173747193,Outside-23,0.0,4533.0,8.419359831067474,Kōya
広尾,1.0,991.0,1.0,0.0200214641887968,0.2435897435897435,0.0200214641887968,35.651499,139.722209,1.2451057770610874,渋谷区,66800.0,62588.0,11.044344822797983,Hiro-o
庚申塚,1.0,942.0,2.0,0.0001110001110001,0.0256410256410256,0.0001110001110001,35.739504,139.729625,0.8961696987799623,豊島区,92725.0,2450.0,7.804251383528112,Koshinzuka
後楽園,2.0,1790.0,1.0,0.0295215446290046,0.2307692307692307,0.027288285216868,35.7078647,139.75151820000002,2.0802678596959185,文京区,66346.0,106481.0,11.57573123576262,Korakuen
御嶽山,1.0,756.0,1.0,0.0012100513866994,0.0641025641025641,0.0012100513866994,35.585344,139.682156,5.6548469810166,大田区,36838.0,27248.0,10.212772102170325,Ontakesan
御徒町,2.0,1825.0,0.0,0.2422528336324923,0.5,0.1672477684606164,35.70713,139.77454,0.0,台東区,48703.0,141074.0,11.85704694283734,Okachimachi
御成門,1.0,754.0,1.0,0.0044180949557833,0.141025641025641,0.0044180949557833,35.660774,139.751366,0.7828576726184686,港区,27959.0,52228.0,10.86339317516243,Onarimon
御茶ノ水,3.0,2990.0,1.0,0.031915553902728,0.2905982905982906,0.0253761830933968,35.69935,139.7651,0.7133009789321969,千代田区,38546.0,271061.0,12.510102855982984,Ochanomizu
志木,1.0,1102.0,1.0,0.0,0.0897435897435897,0.0,35.82217,139.5753,15.968705929223251,Outside-23,0.0,104698.0,11.55884484571464,Shiki
志村三丁目,1.0,750.0,1.0,0.0044180949557833,0.141025641025641,0.0044180949557833,35.777468,139.685751,5.757042957446986,板橋区,70742.0,32536.0,10.390133182300383,Shimura-sanchome
志村坂上,1.0,750.0,1.0,0.0044180949557833,0.141025641025641,0.0044180949557833,35.776082,139.695097,5.330502976969751,板橋区,72440.0,30924.0,10.339320197260689,Shimura-sakaue
志茂,1.0,722.0,1.0,0.0295215446290046,0.1666666666666666,0.0295215446290046,35.778025,139.7325,4.785227678196891,北区,45325.0,13794.0,9.532061486651386,Shimo
恵比寿,4.0,2733.0,0.0,0.2422528336324923,0.3814102564102564,0.0808495889878795,35.646695,139.70954775,0.0285302838106875,渋谷区,61022.0,413194.0,12.93167491547677,Ebisu
成城学園前,2.0,1082.0,1.0,0.025633044988058,0.1538461538461538,0.025633044988058,35.64015,139.59916,9.455957618573931,世田谷区,45460.0,88692.0,11.392936247483393,Seijogakuen-Mae
成増,1.0,1128.0,1.0,0.0,0.0897435897435897,0.0,35.77759,139.6329,8.815527609323292,板橋区,70593.0,58587.0,10.978285176438195,Narimasu
戸田,1.0,514.0,1.0,0.0251524865741204,0.3333333333333333,0.0251524865741204,35.81767,139.66927,10.45857017742131,Outside-23,0.0,46853.0,10.75479166289073,Toda
戸田公園,1.0,660.0,1.0,0.0251524865741204,0.3333333333333333,0.0251524865741204,35.80795,139.67816,9.168833361465332,Outside-23,0.0,69888.0,11.154663548170214,Toda-Kōen
戸越,1.0,636.0,1.0,0.0286529346993004,0.2435897435897435,0.0286529346993004,35.614421,139.716315,1.232171096938323,品川区,100801.0,22712.0,10.030692726771417,Togoshi
戸越公園,1.0,730.0,2.0,0.0032074050217671,0.0769230769230769,0.0032074050217671,35.6088,139.71806,1.521925117284885,品川区,92832.0,13681.0,9.523836379320944,Togoshi-kōen
戸越銀座,1.0,778.0,1.0,0.0012100513866994,0.0641025641025641,0.0012100513866994,35.615775,139.714764,1.3002384090021026,品川区,98536.0,20468.0,9.926666825483531,Togoshi-ginza
扇大橋,1.0,892.0,1.0,0.0107189385803398,0.1153846153846153,0.0107189385803398,35.763906,139.770798,3.064690305136676,足立区,28919.0,10144.0,9.224736252259914,Ogi-ohashi
扇町,1.0,114.0,2.0,0.0042078647289999,0.0256410256410256,0.0042078647289999,35.50159,139.72233,13.137727609410112,Outside-23,0.0,16728.0,9.72489901933128,Ōgimachi
整備場,1.0,525.0,2.0,0.0,0.0128205128205128,0.0,35.555183,139.75341,7.517182208562239,大田区,14582.0,2336.0,7.756623334538858,Seibijō
新三河島,1.0,498.0,1.0,0.0293823137877515,0.141025641025641,0.0293823137877515,35.73719,139.77393,0.8790468238936716,荒川区,85297.0,6031.0,8.704833909687792,Shim-Mikawashima
新中野,1.0,830.0,1.0,0.0250550258047314,0.2948717948717949,0.0250550258047314,35.697475,139.66951,2.7860506709327857,中野区,99188.0,36488.0,10.504766124286546,Shin-nakano
新丸子,2.0,1345.0,1.0,0.0812066517220394,0.1538461538461538,0.0511760291664823,35.580296,139.661941,7.428228141529188,Outside-23,2.0,27539.0,10.223394772282646,Shin-maruko
新井宿,1.0,498.0,2.0,0.0,0.0128205128205128,0.0,35.8429781,139.737879,11.836441952889729,Outside-23,0.0,11700.0,9.367429587218956,Araijuku
新井薬師前,1.0,492.0,1.0,0.0,0.0384615384615384,0.0,35.71572,139.67189,2.892639514824276,中野区,81971.0,22176.0,10.00681099476803,Araiyakushi-mae
新代田,1.0,653.0,1.0,0.0295759923537318,0.1794871794871795,0.0295759923537318,35.6625,139.66139,3.6578214055331486,世田谷区,74597.0,9619.0,9.171599543659752,Shindaita
新大久保,1.0,1020.0,0.0,0.2422528336324923,0.6025641025641025,0.2422528336324923,35.70074,139.7001,0.0,新宿区,75378.0,102876.0,11.541289378859654,Shin-Ōkubo
新大塚,1.0,1076.0,1.0,0.0250550258047314,0.2948717948717949,0.0250550258047314,35.7257925,139.7299314,0.6685835665585205,文京区,92427.0,25868.0,10.160800619620437,Shin-otsuka
新宿,12.0,10235.0,0.0,0.2422528336324923,0.2980769230769231,0.0440852463271267,35.69018,139.70038,0.0,新宿区,36154.0,3265570.0,14.998945190547529,Shinjuku
新宿三丁目,3.0,2783.0,1.0,0.0250550258047314,0.2435897435897435,0.0158594071688728,35.690935,139.70524366666666,0.4471899697742041,新宿区,30209.0,239823.0,12.387660599970378,Shinjuku-sanchome
新宿御苑前,1.0,1050.0,1.0,0.0250550258047314,0.2948717948717949,0.0250550258047314,35.688525,139.710915,0.969066999429386,新宿区,25632.0,54912.0,10.913505393637529,Shinjuku-gyoemmae
新宿西口,1.0,756.0,1.0,0.0503284087990258,0.3333333333333333,0.0503284087990258,35.693367,139.699121,0.3721711529698256,新宿区,46944.0,61649.0,11.02922850859249,Shinjuku-nishiguchi
新富町,1.0,832.0,1.0,0.038428907983954,0.2179487179487179,0.038428907983954,35.670529,139.773594,1.0834887982635732,中央区,32973.0,44253.0,10.697701041830875,Shintomicho
新小岩,2.0,1386.0,1.0,0.031915553902728,0.2115384615384615,0.0163333291750681,35.71685,139.85787,7.2390920846699105,葛飾区,65144.0,154408.0,11.947360205029447,Shin-Koiwa
新川崎,2.0,520.0,1.0,0.0359715715561084,0.2948717948717949,0.0226483606662421,35.55158,139.6715,9.148320976167096,Outside-23,0.0,58814.0,10.98215220339454,Shin-Kawasaki
新庚申塚,1.0,942.0,2.0,0.0001110001110001,0.0256410256410256,0.0001110001110001,35.74107,139.730344,1.0795088895336808,豊島区,102278.0,2649.0,7.882314918980268,Shin-koshinzuka
新座,1.0,509.0,1.0,0.0008736492480334,0.1666666666666666,0.0008736492480334,35.80378,139.55622,16.197317106885862,Outside-23,683.0,42008.0,10.645639160023888,Niiza
新御徒町,2.0,1588.0,1.0,0.0503284087990258,0.3333333333333333,0.0503284087990258,35.70706,139.7820462,0.677790995653559,台東区,61420.0,104512.0,11.557066744563604,Shin-Okachimachi
新御茶ノ水,1.0,912.0,2.0,0.025633044988058,0.141025641025641,0.025633044988058,35.696925,139.76545,0.6866945390452348,千代田区,32604.0,96949.0,11.481950660670798,Shin-ochanomizu
新整備場,1.0,525.0,2.0,0.0,0.0128205128205128,0.0,35.542647,139.787187,10.080386364229122,大田区,0.0,5248.0,8.5657928612523,Shin Seibijō
新日本橋,1.0,512.0,1.0,0.0007511044474081,0.1538461538461538,0.0007511044474081,35.68902,139.77424,0.4307136399541262,中央区,22474.0,38658.0,10.562534885899066,Shin-Nihombashi
新木場,4.0,2160.0,1.0,0.038428907983954,0.1538461538461538,0.019214453991977,35.64602,139.82648,6.360581500108521,江東区,1938.0,335513.0,12.723418963286294,Shin-Kiba
新板橋,1.0,752.0,1.0,0.0044180949557833,0.141025641025641,0.0044180949557833,35.748772,139.719808,2.0468184291688667,板橋区,78664.0,30233.0,10.316722397908654,Shin-itabashi
新柴又,1.0,267.0,2.0,0.0,0.0384615384615384,0.0,35.7510948,139.8794064,9.745364536250824,葛飾区,47061.0,4862.0,8.489410810403786,Shin-Shibamata
新桜台,1.0,480.0,2.0,0.0002780526386575,0.0641025641025641,0.0002780526386575,35.7407,139.66829,4.032538732249964,練馬区,78140.0,9923.0,9.202711344811693,Shin-Sakuradai
新横浜,4.0,2295.0,2.0,0.0164658995815285,0.047008547008547,0.0089199160627732,35.50707,139.61745,15.890799942820347,Outside-23,0.0,269903.0,12.505821619200091,Shin-Yokohama
新橋,8.0,5815.0,0.0,0.2422528336324923,0.3108974358974359,0.062671864547149,35.6663,139.75788,0.0,港区,14000.0,974351.0,13.789527913640658,Shimbashi
新江古田,1.0,788.0,1.0,0.0503284087990258,0.3333333333333333,0.0503284087990258,35.732579,139.670498,3.5061577379314466,練馬区,65357.0,30008.0,10.30925261565329,Shin-egota
新浦安,2.0,770.0,1.0,0.0008736492480334,0.1538461538461538,0.0004368246240167,35.64936,139.91231,13.59560025747724,Outside-23,0.0,114516.0,11.648478562571333,Shin-Urayasu
新羽,1.0,670.0,2.0,0.010293848606791,0.0512820512820512,0.010293848606791,35.5274961,139.6120343,14.684232288238674,Outside-23,0.0,21430.0,9.972593750934676,Nippa
新豊洲,1.0,950.0,1.0,0.0031402759574739,0.1153846153846153,0.0031402759574739,35.64871,139.79001,3.071188304838852,江東区,50091.0,6796.0,8.824236617346639,Shin-toyosu
新馬場,1.0,438.0,1.0,0.0258911023616905,0.1153846153846153,0.0258911023616905,35.617634,139.741368,1.1985263088441604,品川区,65672.0,16979.0,9.73979145986534,Shimbamba
新高円寺,1.0,830.0,1.0,0.0250550258047314,0.2948717948717949,0.0250550258047314,35.69786,139.64851,4.669589617286424,杉並区,95840.0,38044.0,10.546524948610625,Shin-koenji
新高島平,1.0,706.0,1.0,0.0044180949557833,0.141025641025641,0.0044180949557833,35.790289,139.65405,8.452277291666798,板橋区,43304.0,10000.0,9.210440366976515,Shin-takashimadaira
方南町,1.0,620.0,2.0,0.0,0.0256410256410256,0.0,35.683515,139.657935,3.904380202368208,杉並区,81926.0,39769.0,10.590868138201737,Honancho
旗の台,2.0,1710.0,1.0,0.0032074050217671,0.0705128205128205,0.0022087282042332,35.604784,139.7028965,2.831766924323074,品川区,85605.0,40276.0,10.603535865409372,Hatanodai
日の出,1.0,944.0,1.0,0.0031402759574739,0.1153846153846153,0.0031402759574739,35.64923,139.75908,0.7166148310050978,港区,24124.0,2322.0,7.750614732770409,Hinode
日吉,4.0,3288.0,1.0,0.0812066517220394,0.1057692307692307,0.0299009200321967,35.5539375,139.64722025,10.35289857783205,Outside-23,0.0,291733.0,12.583597707171087,Hiyoshi
日吉本町,1.0,601.0,2.0,0.0007857222142936,0.0512820512820512,0.0007857222142936,35.549961,139.633413,11.563682980002664,Outside-23,0.0,16738.0,9.72549660510262,Hiyoshi-honcho
日暮里,8.0,4032.0,0.0,0.2422528336324923,0.2435897435897435,0.0596723433475578,35.72712,139.77093,0.0,台東区,73154.0,388107.0,12.869038930388555,Nippori
日本橋,3.0,3060.0,1.0,0.0452863952870408,0.2649572649572649,0.0316704780915242,35.682017,139.77441666666667,0.6710162060249065,中央区,24002.0,379947.0,12.84778968023357,Nihombashi
日比谷,3.0,2644.0,1.0,0.025633044988058,0.1752136752136752,0.0166908680442127,35.674937,139.75987966666668,0.2710306133808448,千代田区,3758.0,212430.0,12.266372508735886,Hibiya
早稲田,2.0,1895.0,1.0,0.0210721042882315,0.1153846153846153,0.0105915521996158,35.71176,139.719003,1.3845241282793213,新宿区,61130.0,84463.0,11.344080687063398,Waseda
明大前,4.0,2744.0,1.0,0.0343543458428573,0.1121794871794871,0.0159825845491472,35.66908,139.65038,4.724504625749328,世田谷区,68595.0,110961.0,11.616943079339611,Meidaimae
春日,2.0,1508.0,1.0,0.0503284087990258,0.2371794871794871,0.0273732518774046,35.7090125,139.752887,1.9662326605083456,文京区,70774.0,141259.0,11.858357442962912,Kasuga
昭和島,1.0,528.0,2.0,0.0,0.0128205128205128,0.0,35.570684,139.749899,5.782064075471902,大田区,11625.0,6569.0,8.790269111478656,Shōwajima
曙橋,1.0,728.0,1.0,0.0039051722755225,0.2179487179487179,0.0039051722755225,35.692402,139.722317,1.9964655008072745,新宿区,19261.0,39245.0,10.577604807189267,Akebonobashi
曳舟,2.0,1384.0,2.0,0.0320053421544036,0.0705128205128205,0.0161335533919921,35.71851,139.81667,3.516362333423545,墨田区,81595.0,29498.0,10.292111643448266,Hikifune
月島,2.0,1616.0,1.0,0.0503284087990258,0.2756410256410256,0.0443786583914899,35.663757,139.783912,2.268843309305209,中央区,72064.0,152577.0,11.935431219680476,Tsukishima
有明,1.0,991.0,1.0,0.0031402759574739,0.1153846153846153,0.0031402759574739,35.63468,139.79325,4.004881310129518,江東区,17137.0,6338.0,8.754476306284166,Ariake
有明テニスの森,1.0,950.0,1.0,0.0031402759574739,0.1153846153846153,0.0031402759574739,35.63998,139.78887,3.3510783552401704,江東区,22142.0,5022.0,8.521782643750045,Ariake-tennis-no-mori
有楽町,3.0,2539.0,0.0,0.2422528336324923,0.5,0.1672477684606164,35.675973,139.762286,0.0,千代田区,3625.5,523003.0,13.16734439120137,Yurakucho
朝霞,1.0,1100.0,1.0,0.0,0.0897435897435897,0.0,35.79676,139.6003,12.447007621379846,Outside-23,0.0,69779.0,11.153102714740765,Asaka
朝霞台,1.0,1196.0,1.0,0.0,0.0897435897435897,0.0,35.81434,139.5873,14.580207308547648,Outside-23,0.0,161762.0,11.99388758007639,Asakadai
木場,1.0,984.0,1.0,0.0210721042882315,0.2051282051282051,0.0210721042882315,35.669356,139.807115,3.85582335474194,江東区,69624.0,77866.0,11.262757522080854,Kiba
末広町,1.0,1148.0,1.0,0.0452863952870408,0.3461538461538461,0.0452863952870408,35.70278,139.771762,0.5148203688642624,千代田区,40340.0,27359.0,10.216837371736489,Suehirocho
本所吾妻橋,1.0,877.0,1.0,0.0286529346993004,0.2435897435897435,0.0286529346993004,35.708565,139.804397,2.5551292559941765,墨田区,71955.0,19630.0,9.884865228408032,Honjo-azumabashi
本蓮沼,1.0,750.0,1.0,0.0044180949557833,0.141025641025641,0.0044180949557833,35.768566,139.70241,4.367830433852161,板橋区,47050.0,26019.0,10.166620752066496,Motohasunuma
本郷三丁目,2.0,1806.0,1.0,0.0503284087990258,0.3141025641025641,0.0376917173018786,35.707118,139.760339,1.2822302797593588,文京区,56495.0,78941.0,11.276468684593894,Hongo-sanchome
本駒込,1.0,738.0,1.0,0.0295215446290046,0.1666666666666666,0.0295215446290046,35.724365,139.753812,1.4341986358371093,文京区,83326.0,22933.0,10.04037580459825,Hon-komagome
東あずま,1.0,452.0,2.0,0.0002617646295807,0.0256410256410256,0.0002617646295807,35.70738,139.8316,4.998076749823126,墨田区,85979.0,8061.0,8.994916943677111,Higashi-azuma
東中野,2.0,1664.0,1.0,0.0503284087990258,0.3333333333333333,0.0503284087990258,35.706585000000004,139.683971,1.5948173252977502,中野区,93830.5,110122.0,11.609353201893088,Higashi-Nakano
東京,13.0,7369.0,0.0,0.2422528336324923,0.2948717948717949,0.0421796046283835,35.681935,139.7648,0.0,千代田区,4192.0,1339555.0,14.107848773737198,Tokyo
東京テレポート,1.0,564.0,2.0,0.0,0.0128205128205128,0.0,35.62754,139.77885,3.4743498802588912,江東区,17794.0,67379.0,11.118103516960543,Tokyo Teleport
東京ビッグサイト,1.0,944.0,1.0,0.0031402759574739,0.1153846153846153,0.0031402759574739,35.63025,139.79134,4.178435522135518,江東区,11379.0,16690.0,9.722624930978418,Tokyo Big Sight
東京国際クルーズターミナル,1.0,944.0,1.0,0.0031402759574739,0.1153846153846153,0.0031402759574739,35.62135,139.77309,3.215939985467528,江東区,6415.0,3191.0,8.068402958569699,Tokyo International Cruise Terminal
東伏見,1.0,544.0,1.0,0.0,0.0384615384615384,0.0,35.72866,139.56423,12.653504909976885,Outside-23,60252.0,24951.0,10.12470925828764,Higashi-Fushimi
東北沢,1.0,516.0,1.0,0.0032201422189731,0.1538461538461538,0.0032201422189731,35.6656,139.67322,2.6915746800671894,世田谷区,70330.0,7335.0,8.9005490139363,Higashi-Kitazawa
東十条,1.0,940.0,1.0,0.0922427032887405,0.3974358974358974,0.0922427032887405,35.76378,139.72677,3.547686878667684,北区,80815.0,48540.0,10.790164080634105,Higashi-Jūjō
東向島,1.0,445.0,2.0,0.0320053421544036,0.1153846153846153,0.0320053421544036,35.72436,139.81933,3.7582835863913,墨田区,78686.0,20442.0,9.925395804585008,Higashi-mukojima
東大前,1.0,738.0,1.0,0.0295215446290046,0.1666666666666666,0.0295215446290046,35.718014,139.75788,1.5534161577751424,文京区,78882.0,29051.0,10.276842606726058,Todaimae
東大島,1.0,714.0,1.0,0.0039051722755225,0.2179487179487179,0.0039051722755225,35.689959,139.847255,6.779352429904906,江東区,70377.0,32240.0,10.380994213509265,Higashi-ojima
東尾久三丁目,1.0,964.0,2.0,0.0001110001110001,0.0256410256410256,0.0001110001110001,35.745626,139.773867,1.443769367764491,荒川区,71032.0,1563.0,7.355001921105257,Higashi-ogu-sanchome
東山田,1.0,601.0,2.0,0.0007857222142936,0.0512820512820512,0.0007857222142936,35.554184,139.604928,13.32350315144143,Outside-23,0.0,10485.0,9.25779631313248,Higashi-yamata
東新宿,2.0,1440.0,1.0,0.0503284087990258,0.2756410256410256,0.0344732161126952,35.698893,139.70764,0.7111613650962934,新宿区,51625.0,85761.0,11.359331296928223,Higashi-shinjuku
東日本橋,1.0,928.0,1.0,0.0286529346993004,0.2435897435897435,0.0286529346993004,35.692123,139.784886,1.2798977378256966,中央区,60293.0,84888.0,11.349099799712103,Higashi-nihombashi
東松原,1.0,653.0,1.0,0.0295759923537318,0.1794871794871795,0.0295759923537318,35.66264,139.65569,4.17037381634344,世田谷区,74257.0,18499.0,9.825526011066415,Higashi-matsubara
東武練馬,1.0,596.0,1.0,0.0,0.0897435897435897,0.0,35.76865,139.66254,6.135424330154345,板橋区,77041.0,60574.0,11.011637545684726,Tobu-nerima
東池袋,1.0,832.0,1.0,0.038428907983954,0.2179487179487179,0.038428907983954,35.72595,139.718865,0.8394481679961645,豊島区,59430.0,44120.0,10.694691138568423,Higashi-ikebukuro
東池袋四丁目,1.0,912.0,2.0,0.0001110001110001,0.0256410256410256,0.0001110001110001,35.725398,139.720404,0.9625007614820376,豊島区,60850.0,3743.0,8.227909837597483,Higashi-ikebukuro-yonchome
東銀座,2.0,1853.0,1.0,0.0286529346993004,0.2435897435897435,0.0243371994440486,35.669522,139.7674915,0.7297028074604495,中央区,20266.0,178581.0,12.09280315847092,Higashi-ginza
東長崎,1.0,620.0,1.0,0.0054994731144995,0.1282051282051282,0.0054994731144995,35.73021,139.68301,2.37274151151806,豊島区,70271.0,27613.0,10.226078169476098,Higashi-Nagasaki
東門前,1.0,475.0,2.0,0.0,0.0128205128205128,0.0,35.536714,139.73471,9.238840356537905,Outside-23,61.0,13062.0,9.477539085486564,Higashimonzen
東陽町,1.0,1007.0,1.0,0.0210721042882315,0.2051282051282051,0.0210721042882315,35.66959,139.81768,4.755896145591019,江東区,74375.0,122629.0,11.716926970756072,Toyocho
東雲,1.0,558.0,2.0,0.0,0.0128205128205128,0.0,35.6406,139.80328,4.492198957180699,江東区,44400.0,14689.0,9.594922269167922,Shinonome
東高円寺,1.0,830.0,1.0,0.0250550258047314,0.2948717948717949,0.0250550258047314,35.697965,139.658295,3.787594049894156,杉並区,73599.0,35987.0,10.49094082853701,Higashi-koenji
松原,1.0,680.0,2.0,0.0001538865175228,0.0256410256410256,0.0001538865175228,35.660059,139.642004,5.379385739899556,世田谷区,71250.0,3740.0,8.227108234348146,Matsubara
松戸,3.0,1600.0,1.0,0.0740523911480243,0.1324786324786324,0.0335747862727259,35.78434,139.90064,13.110686193922454,Outside-23,875.0,305522.0,12.62978034117562,Matsudo
松陰神社前,1.0,674.0,2.0,0.0001538865175228,0.0256410256410256,0.0001538865175228,35.643998,139.655242,4.457817633125957,世田谷区,86802.0,11448.0,9.345657668923812,Shōin-jinja-mae
板橋,1.0,760.0,1.0,0.0251524865741204,0.3333333333333333,0.0251524865741204,35.7449,139.71899,1.6854706931361956,豊島区,99863.0,68910.0,11.140571095927864,Itabashi
板橋区役所前,1.0,750.0,1.0,0.0044180949557833,0.141025641025641,0.0044180949557833,35.751372,139.71012,2.3887242031532567,板橋区,50384.0,35277.0,10.471014819171424,Itabashikuyakushomae
板橋本町,1.0,750.0,1.0,0.0044180949557833,0.141025641025641,0.0044180949557833,35.761309,139.705544,3.5263087333881,板橋区,20229.0,36282.0,10.49910459099786,Itabashihoncho
柳瀬川,1.0,584.0,1.0,0.0,0.0897435897435897,0.0,35.83056,139.56246,17.45521092110451,Outside-23,0.0,20264.0,9.91665053906241,Yanasegawa
柴又,1.0,328.0,2.0,0.0,0.0384615384615384,0.0,35.75651,139.87521,9.618823045872867,葛飾区,47851.0,9631.0,9.172846167548602,Shibamata
柴崎,1.0,461.0,1.0,0.0343543458428573,0.1923076923076923,0.0343543458428573,35.65399,139.56662,12.193416046647997,Outside-23,54344.0,18042.0,9.8005130769083,Shibasaki
栄町,1.0,1002.0,2.0,0.0001110001110001,0.0256410256410256,0.0001110001110001,35.750865,139.742186,1.6419937220092125,北区,70758.0,59984.0,11.001849809949029,Sakaecho
根津,1.0,914.0,2.0,0.025633044988058,0.141025641025641,0.025633044988058,35.717325,139.76575,1.0807408794201914,文京区,49359.0,29579.0,10.294853736264791,Nezu
桜上水,1.0,967.0,1.0,0.0343543458428573,0.1923076923076923,0.0343543458428573,35.66764,139.63146,6.41753704357116,世田谷区,64488.0,38001.0,10.545394068902477,Sakurajōsui
桜台,1.0,620.0,1.0,0.0054994731144995,0.1282051282051282,0.0054994731144995,35.73875,139.66241,4.4604023146316525,練馬区,74685.0,16839.0,9.731512287796315,Sakuradai
桜新町,1.0,757.0,1.0,0.0465156449618751,0.1538461538461538,0.0465156449618751,35.631997,139.644971,5.866650779499066,世田谷区,68429.0,73288.0,11.202165808400558,Sakura-shimmachi
桜田門,1.0,830.0,1.0,0.038428907983954,0.2179487179487179,0.038428907983954,35.677459,139.751886,1.0327071035108806,千代田区,1500.0,13456.0,9.507254695741542,Sakuradamon
梅ヶ丘,1.0,516.0,1.0,0.0032201422189731,0.1538461538461538,0.0032201422189731,35.65602,139.6536,4.332151844328787,世田谷区,80801.0,34064.0,10.436025743207768,Umegaoka
梅屋敷,1.0,437.0,1.0,0.0258911023616905,0.1153846153846153,0.0258911023616905,35.566901,139.728347,5.864221968236763,大田区,86220.0,16530.0,9.712992685053011,Umeyashiki
梅島,1.0,617.0,2.0,0.0320053421544036,0.1153846153846153,0.0320053421544036,35.77235,139.79807,5.098908509959554,足立区,76702.0,36020.0,10.491857380698828,Umejima
梶が谷,1.0,658.0,1.0,0.0465156449618751,0.1538461538461538,0.0465156449618751,35.593779,139.605694,10.878581664313597,Outside-23,0.0,39850.0,10.592902778006396,Kajigaya
梶原,1.0,1002.0,2.0,0.0001110001110001,0.0256410256410256,0.0001110001110001,35.75107,139.747268,1.5832675084125225,北区,60317.0,2628.0,7.874358824729881,Kajiwara
森下,2.0,1500.0,1.0,0.0503284087990258,0.2756410256410256,0.0271167905372742,35.687954,139.797437,2.452351653064689,江東区,73066.0,154773.0,11.949721267374798,Morishita
椎名町,1.0,620.0,1.0,0.0054994731144995,0.1282051282051282,0.0054994731144995,35.7266,139.69483,1.2509889005580863,豊島区,88414.0,20649.0,9.93547059838918,Shiinamachi
武蔵中原,1.0,718.0,2.0,0.0218068409560354,0.1025641025641025,0.0218068409560354,35.580884,139.641697,8.886305002765583,Outside-23,0.0,70120.0,11.15797760019988,Musashi-Nakahara
武蔵小山,1.0,955.0,1.0,0.0211454066109251,0.1025641025641025,0.0211454066109251,35.620654,139.704515,1.7496808647212665,品川区,101825.0,53193.0,10.881700887014484,Musashi-koyama
武蔵小杉,7.0,3930.0,1.0,0.0812066517220394,0.2307692307692307,0.0511760291664823,35.576618,139.66003,7.812187493009759,Outside-23,0.0,484760.0,13.09141126495677,Musashi-Kosugi
武蔵新城,1.0,691.0,2.0,0.0218068409560354,0.1025641025641025,0.0218068409560354,35.58714,139.62928,9.358145135106705,Outside-23,0.0,74664.0,11.220766720491367,Musashi-Shinjō
武蔵新田,1.0,706.0,2.0,0.0014251303403327,0.0512820512820512,0.0014251303403327,35.567942,139.692265,6.609457873820482,大田区,90088.0,27182.0,10.21034705689017,Musashi-nitta
武蔵浦和,2.0,1220.0,1.0,0.0251524865741204,0.25,0.0130130679110769,35.846028,139.648166,14.099719416850023,Outside-23,0.0,107926.0,11.589210351639512,Musashi-Urawa
武蔵溝ノ口,1.0,692.0,2.0,0.0218068409560354,0.1025641025641025,0.0218068409560354,35.59852,139.6115,10.188125035821576,Outside-23,0.0,172692.0,12.059270730597603,Musashi-Mizonokuchi
武蔵関,1.0,544.0,1.0,0.0,0.0384615384615384,0.0,35.72753,139.57689,11.51579993288996,練馬区,57841.0,32351.0,10.384431121820198,Musashi-Seki
水天宮前,1.0,988.0,1.0,0.0334927687565924,0.2564102564102564,0.0334927687565924,35.683,139.785171,1.6211089883967238,中央区,47865.0,84016.0,11.33877443830157,Suitengumae
水道橋,2.0,1628.0,1.0,0.031915553902728,0.2692307692307692,0.031915553902728,35.70346,139.755147,1.7032198487039163,文京区,47957.0,214462.0,12.275892508298885,Suidobashi
氷川台,2.0,1053.0,1.0,0.038428907983954,0.2179487179487179,0.0285234657051593,35.74962,139.66547,4.652954582788055,練馬区,54924.0,41073.0,10.623130596900038,Hikawadai
永田町,3.0,2550.0,1.0,0.038428907983954,0.2136752136752136,0.0338144071231837,35.67821333333333,139.73997533333332,2.090608553731232,千代田区,15887.0,91240.0,11.42125963644348,Nagatacho
永福町,1.0,1148.0,1.0,0.0295759923537318,0.1794871794871795,0.0295759923537318,35.67622,139.64267,5.424419558204542,杉並区,59386.0,33308.0,10.413582909722376,Eifukuchō
汐留,2.0,1732.0,1.0,0.0503284087990258,0.2243589743589743,0.0267343423782498,35.6630015,139.76002749999998,0.4149248449265613,中央区,13563.0,62489.0,11.042761822923127,Shiodome
江北,1.0,892.0,1.0,0.0107189385803398,0.1153846153846153,0.0107189385803398,35.773954,139.77029,4.141460485696435,足立区,57459.0,10912.0,9.29771001811309,Kohoku
江古田,1.0,620.0,1.0,0.0054994731144995,0.1282051282051282,0.0054994731144995,35.73736,139.67275,3.545488891048656,練馬区,74168.0,35267.0,10.470731316206916,Ekoda
江戸川,1.0,430.0,1.0,0.0293823137877515,0.141025641025641,0.0293823137877515,35.73746,139.8958,10.795883305168662,江戸川区,30858.0,6264.0,8.742733867330168,Edogawa
江戸川橋,1.0,832.0,1.0,0.038428907983954,0.2179487179487179,0.038428907983954,35.7095373,139.7335743,2.5032754136540176,文京区,38154.0,53897.0,10.89484865045726,Edogawabashi
江田,1.0,646.0,1.0,0.0465156449618751,0.1538461538461538,0.0465156449618751,35.558529,139.551559,17.02014293346807,Outside-23,0.0,37417.0,10.529907151045364,Eda
池ノ上,1.0,653.0,1.0,0.0295759923537318,0.1794871794871795,0.0295759923537318,35.66037,139.67346,2.54653193924083,世田谷区,63117.0,9466.0,9.15556734612889,Ikenoue
池上,1.0,756.0,1.0,0.0012100513866994,0.0641025641025641,0.0012100513866994,35.572147,139.702896,5.760258654793761,大田区,82097.0,36564.0,10.506846777705052,Ikegami
池尻大橋,1.0,757.0,1.0,0.0465156449618751,0.1538461538461538,0.0465156449618751,35.650526,139.683642,1.8121135730613045,世田谷区,74003.0,63364.0,11.056666937516164,Ikejiri-ōhashi
池袋,8.0,7369.0,0.0,0.2422528336324923,0.2788461538461538,0.0488722902615338,35.730175,139.71062475555556,0.0417705456190823,豊島区,73731.0,2662632.0,14.794826040803848,Ikebukuro
沼袋,1.0,492.0,1.0,0.0,0.0384615384615384,0.0,35.71938,139.66385,3.674925620929762,中野区,82723.0,20290.0,9.917932716967623,Numabukuro
沼部,1.0,706.0,2.0,0.0014251303403327,0.0512820512820512,0.0014251303403327,35.582398,139.673246,6.47765621506182,大田区,16056.0,10877.0,9.294497679982904,Numabe
泉岳寺,2.0,2039.0,1.0,0.0286529346993004,0.1794871794871795,0.0272720185304955,35.638715,139.739993,0.3739755631643175,港区,69203.0,223574.0,12.317502207214382,Sengakuji
洗足,1.0,702.0,1.0,0.0211454066109251,0.1025641025641025,0.0211454066109251,35.610303,139.694316,3.177189987079628,目黒区,77372.0,14898.0,9.60904937558734,Senzoku
洗足池,1.0,778.0,1.0,0.0012100513866994,0.0641025641025641,0.0012100513866994,35.599929,139.691409,3.993740932480621,大田区,71250.0,19124.0,9.858751658694736,Senzoku-ike
津田山,1.0,611.0,2.0,0.0218068409560354,0.1025641025641025,0.0218068409560354,35.60379,139.60057,10.915786300498748,Outside-23,0.0,7642.0,8.941545475242885,Tsudayama
流通センター,1.0,559.0,2.0,0.0,0.0128205128205128,0.0,35.581448,139.749161,4.645193418284643,大田区,5608.0,20525.0,9.92944765420566,Ryūtsū Center
浅草,4.0,3541.0,1.0,0.0452863952870408,0.2051282051282051,0.0272803051089045,35.71052866666667,139.79755533333332,1.9065686775534645,台東区,71262.0,233027.0,12.35891389700162,Asakusa
浅草橋,2.0,1751.0,1.0,0.031915553902728,0.2564102564102564,0.0302842443010142,35.697447,139.7851625,1.1126340342222274,台東区,62740.0,170502.0,12.04650817085883,Asakusabashi
浜松町,2.0,1948.0,0.0,0.2422528336324923,0.5,0.1672477684606164,35.65557166666667,139.75638633333332,0.0612343454091535,港区,28863.0,324286.0,12.689384205152122,Hamamatsuchō
浜田山,1.0,657.0,1.0,0.0295759923537318,0.1794871794871795,0.0295759923537318,35.68158,139.62758,6.644149725170656,杉並区,69919.0,30158.0,10.31423866507353,Hamadayama
浜町,1.0,724.0,1.0,0.0039051722755225,0.2179487179487179,0.0039051722755225,35.688601,139.787725,1.5770003689828949,中央区,55402.0,23188.0,10.051433307284436,Hamacho
浦安,1.0,971.0,1.0,0.0210721042882315,0.2051282051282051,0.0210721042882315,35.665903,139.893236,11.434328896705214,Outside-23,7448.0,83424.0,11.331703303619577,Urayasu
浮間舟渡,1.0,514.0,1.0,0.0251524865741204,0.3333333333333333,0.0251524865741204,35.791,139.69121,7.023381857839817,北区,43923.0,44280.0,10.698310970126736,Ukimafunado
淡路町,1.0,1050.0,1.0,0.0250550258047314,0.2948717948717949,0.0250550258047314,35.69487,139.767455,0.4667953168063824,千代田区,18732.0,61863.0,11.032693706288873,Awajicho
清澄白河,2.0,1817.0,1.0,0.0503284087990258,0.2948717948717948,0.0419105887778091,35.682237,139.7992995,2.7878223089812018,江東区,70987.0,102498.0,11.537608321415448,Kiyosumi-shirakawa
渋谷,10.0,8512.0,0.0,0.2422528336324923,0.3025641025641026,0.0615781814016596,35.65796,139.70149,0.0,渋谷区,17470.0,2704384.0,14.810385087666493,Shibuya
港町,1.0,475.0,2.0,0.0,0.0128205128205128,0.0,35.5349,139.712566,9.529953164576964,Outside-23,12192.0,7963.0,8.982686665184087,Minatochō
湯島,1.0,914.0,2.0,0.025633044988058,0.141025641025641,0.025633044988058,35.706805,139.769981,0.4132230249520048,文京区,41257.0,37549.0,10.53342865719228,Yushima
溜池山王,2.0,1882.0,1.0,0.0452863952870408,0.2564102564102564,0.0374039699580227,35.672301000000004,139.74161850000002,1.6134252675509335,港区,25362.0,116255.0,11.663549935020928,Tameike-sanno
溝の口,2.0,2054.0,1.0,0.0465156449618751,0.1153846153846153,0.0248615249918211,35.599964,139.610623,10.201538743791396,Outside-23,0.0,213508.0,12.271434265329082,Mizonokuchi
滝野川一丁目,1.0,942.0,2.0,0.0001110001110001,0.0256410256410256,0.0001110001110001,35.747283,139.73542,1.5599075066894927,北区,73466.0,1610.0,7.384610383176974,Takinogawa-itchome
潮見,2.0,673.0,1.0,0.0008736492480334,0.1538461538461538,0.0004368246240167,35.6588,139.81676,5.141199170729076,江東区,46763.0,27130.0,10.208432264538738,Shiomi
熊野前,2.0,1856.0,1.0,0.0107189385803398,0.0705128205128205,0.00541496934567,35.7485,139.76984349999998,1.4463016651818663,荒川区,64140.0,13600.0,9.517898598432753,Kumanomae
牛田,1.0,445.0,2.0,0.0320053421544036,0.1153846153846153,0.0320053421544036,35.74454,139.81177,4.00582288872583,足立区,48001.0,29841.0,10.303672076200368,Ushida
牛込柳町,1.0,756.0,1.0,0.0503284087990258,0.3333333333333333,0.0503284087990258,35.699501,139.72504,2.2562779497516416,新宿区,9881.0,21251.0,9.964206287570834,Ushigome-yanagicho
牛込神楽坂,1.0,756.0,1.0,0.0503284087990258,0.3333333333333333,0.0503284087990258,35.700911,139.735894,3.187026684677326,新宿区,17284.0,15243.0,9.63194126199375,Ushigome-kagurazaka
狛江,1.0,530.0,1.0,0.0032201422189731,0.1538461538461538,0.0032201422189731,35.63216,139.57726,11.586420671303964,Outside-23,48092.0,48921.0,10.797982472039823,Komae
獨協大学前,1.0,523.0,2.0,0.0320053421544036,0.1153846153846153,0.0320053421544036,35.8433,139.80067,12.294389557719404,Outside-23,0.0,59443.0,10.99278997187846,Dokkyodaigakumae
王子,2.0,1676.0,1.0,0.0922427032887405,0.3974358974358974,0.0922427032887405,35.75447,139.737362,1.912564292123248,北区,65610.0,193065.0,12.1707873783409,Oji
王子神谷,1.0,738.0,1.0,0.0295215446290046,0.1666666666666666,0.0295215446290046,35.765292,139.735641,3.3509643091566224,北区,86862.0,37449.0,10.530761988945365,Oji-kamiya
王子駅前,1.0,1002.0,2.0,0.0001110001110001,0.0256410256410256,0.0001110001110001,35.752982,139.738045,2.0023792759609416,北区,65181.0,9239.0,9.131297164635727,Oji-ekimae
瑞江,1.0,714.0,1.0,0.0039051722755225,0.2179487179487179,0.0039051722755225,35.69351,139.8977,11.14449322187421,江戸川区,72368.0,57071.0,10.952068907598672,Mizue
用賀,1.0,757.0,1.0,0.0465156449618751,0.1538461538461538,0.0465156449618751,35.626131,139.634183,7.036998338445045,世田谷区,60572.0,67550.0,11.120638147127767,Yōga
田原町,1.0,1116.0,1.0,0.0452863952870408,0.3461538461538461,0.0452863952870408,35.709842,139.7907747,1.3294462946680254,台東区,75648.0,36899.0,10.51596683002862,Tawaramachi
田園調布,2.0,2041.0,1.0,0.0812066517220394,0.1538461538461538,0.0511760291664823,35.596893,139.6672895,5.975426528360345,大田区,48666.0,35914.0,10.4889103145089,Den-en-chōfu
田町,2.0,1952.0,0.0,0.2422528336324923,0.5,0.1672477684606164,35.64574,139.7476,0.0,港区,64711.0,312903.0,12.653651713212207,Tamachi
田端,2.0,1948.0,0.0,0.2422528336324923,0.5,0.1672477684606164,35.7374,139.76149,0.0,北区,90129.0,94880.0,11.460378753805015,Tabata
町屋,2.0,1412.0,1.0,0.0293823137877515,0.141025641025641,0.0275076793879048,35.74234,139.78153,1.7720980432945714,荒川区,79505.0,83797.0,11.33616441983692,Machiya
町屋二丁目,1.0,964.0,2.0,0.0001110001110001,0.0256410256410256,0.0001110001110001,35.743919,139.776416,1.5297689188154997,荒川区,95436.0,775.0,6.654152520183219,Machiya-nichome
町屋駅前,1.0,964.0,2.0,0.0001110001110001,0.0256410256410256,0.0001110001110001,35.742783,139.780891,1.7627614869979855,荒川区,88118.0,8555.0,9.054388070202297,Machiya-ekimae
登戸,2.0,2029.0,1.0,0.0218068409560354,0.1282051282051282,0.0125134915875042,35.62046,139.5704,12.55882956612671,Outside-23,7379.0,333115.0,12.71624605665173,Noborito
白山,1.0,752.0,1.0,0.0044180949557833,0.141025641025641,0.0044180949557833,35.721682,139.752134,1.7210222560433417,文京区,85388.0,62110.0,11.036678385890651,Hakusan
白金台,2.0,929.0,1.0,0.0295215446290046,0.1538461538461538,0.0169698197923939,35.637851,139.726007,1.051809836549849,港区,66763.0,17677.0,9.780076207620894,Shirokanedai
白金高輪,2.0,1484.0,1.0,0.0295215446290046,0.1538461538461538,0.0169698197923939,35.643283,139.734344,1.0463038553625346,港区,81119.0,42763.0,10.66345190613339,Shirokane-takanawa
目白,1.0,1020.0,0.0,0.2422528336324923,0.6025641025641025,0.2422528336324923,35.72018,139.70621,0.0,豊島区,84267.0,76380.0,11.243489253126375,Mejiro
目黒,4.0,2902.0,0.0,0.2422528336324923,0.2532051282051282,0.0743344699570513,35.63352,139.71566,0.0,品川区,71618.0,517265.0,13.156312527947168,Meguro
矢切,1.0,285.0,2.0,0.0,0.0384615384615384,0.0,35.7572685,139.8996768,11.698974262611662,Outside-23,0.0,7903.0,8.975124239427704,Yagiri
矢口渡,1.0,706.0,2.0,0.0014251303403327,0.0512820512820512,0.0014251303403327,35.562017,139.700086,6.897871272177917,大田区,74678.0,25588.0,10.149917850625528,Yaguchi-no-watashi
矢向,1.0,643.0,2.0,0.0218068409560354,0.1025641025641025,0.0218068409560354,35.53936,139.68039,9.92418408464854,Outside-23,0.0,37972.0,10.544630659849275,Yakō
石川台,1.0,778.0,1.0,0.0012100513866994,0.0641025641025641,0.0012100513866994,35.596999,139.685571,4.613819501413969,大田区,69432.0,15474.0,9.646981097552796,Ishikawa-dai
石神井公園,3.0,1364.0,1.0,0.038428907983954,0.188034188034188,0.0208488015082727,35.74353,139.60702,9.322108058442758,練馬区,53640.0,82902.0,11.32542652864714,Shakujii-kōen
祐天寺,1.0,647.0,1.0,0.0812066517220394,0.2051282051282051,0.0812066517220394,35.637482,139.690894,1.987835417480848,目黒区,84902.0,32013.0,10.373928586106643,Yūtenji
祖師ヶ谷大蔵,1.0,592.0,1.0,0.0032201422189731,0.1538461538461538,0.0032201422189731,35.64327,139.60971,8.452165410428446,世田谷区,65472.0,51085.0,10.841265766051706,Soshigaya-Okura
神保町,3.0,2485.0,1.0,0.0334927687565924,0.2051282051282051,0.0139386786626327,35.695774666666665,139.75791800000002,1.241208168462595,千代田区,30950.0,384601.0,12.859964312331304,Jimbocho
神楽坂,1.0,983.0,1.0,0.0210721042882315,0.2051282051282051,0.0210721042882315,35.703865,139.73452,2.9494742983093194,新宿区,24888.0,42168.0,10.649440632919005,Kagurazaka
神泉,1.0,653.0,1.0,0.0295759923537318,0.1794871794871795,0.0295759923537318,35.65717,139.69313,0.7603970219344486,渋谷区,32430.0,11328.0,9.335121088873487,Shinsen
神田,4.0,4158.0,0.0,0.2422528336324923,0.4134615384615384,0.0997349754452512,35.69157,139.77065,0.0,千代田区,16663.0,274582.0,12.523008862169462,Kanda
神谷町,1.0,982.0,1.0,0.0200214641887968,0.2435897435897435,0.0200214641887968,35.662964,139.7450477,1.2171673143182296,港区,30716.0,106952.0,11.580144764608027,Kamiyacho
秋葉原,5.0,4642.0,0.0,0.2422528336324923,0.3256410256410256,0.0779218206615262,35.69829052,139.77368479999998,0.0728914620604104,千代田区,38254.0,767662.0,13.55110611374467,Akihabara
稲荷町,1.0,1116.0,1.0,0.0452863952870408,0.3461538461538461,0.0452863952870408,35.7113442,139.7826677,0.5852272642860604,台東区,61526.0,21690.0,9.984652706953636,Inaricho
穴守稲荷,1.0,592.0,1.0,0.0256410256410256,0.1025641025641025,0.0256410256410256,35.550415,139.747002,7.880203167927867,大田区,37163.0,19922.0,9.899630122208825,Anamori-inari
立会川,1.0,653.0,1.0,0.0258911023616905,0.1153846153846153,0.0258911023616905,35.598261,139.738573,2.55080254264438,品川区,76211.0,19337.0,9.869827351043494,Tachiaigawa
竹ノ塚,1.0,621.0,2.0,0.0320053421544036,0.1153846153846153,0.0320053421544036,35.79437,139.79072,6.8618208083956445,足立区,56965.0,72689.0,11.19395910247868,Takenotsuka
竹橋,1.0,984.0,1.0,0.0210721042882315,0.2051282051282051,0.0210721042882315,35.69044,139.75767,1.1789355934361283,千代田区,8505.0,49315.0,10.806003850988445,Takebashi
竹芝,1.0,944.0,1.0,0.0031402759574739,0.1153846153846153,0.0031402759574739,35.654,139.76192,0.4690023333048111,港区,25217.0,4508.0,8.413830678421084,Takeshiba
等々力,1.0,731.0,2.0,0.0032074050217671,0.0769230769230769,0.0032074050217671,35.608463,139.647552,6.757359427803271,世田谷区,54159.0,29530.0,10.293195838031854,Todoroki
築地,1.0,980.0,1.0,0.0200214641887968,0.2435897435897435,0.0200214641887968,35.667928,139.772473,1.163467047380912,中央区,40541.0,71205.0,11.1733323635125,Tsukiji
築地市場,1.0,784.0,1.0,0.0503284087990258,0.3333333333333333,0.0503284087990258,35.664919,139.766929,0.8317709791283268,中央区,20727.0,26265.0,10.176030606145105,Tsukijishijo
篠崎,1.0,712.0,1.0,0.0039051722755225,0.2179487179487179,0.0039051722755225,35.706022,139.903796,11.495174536913146,江戸川区,52763.0,41165.0,10.625367951918946,Shinozaki
糀谷,1.0,592.0,1.0,0.0256410256410256,0.1025641025641025,0.0256410256410256,35.55453,139.72992,7.241223662414167,大田区,74752.0,28843.0,10.26965727803665,Kōjiya
経堂,1.0,1035.0,1.0,0.0032201422189731,0.1538461538461538,0.0032201422189731,35.65125,139.63662,5.9083657787142085,世田谷区,62414.0,82540.0,11.3210504185712,Kyodo
綱島,1.0,915.0,1.0,0.0812066517220394,0.2051282051282051,0.0812066517220394,35.536462,139.634543,12.549877033372242,Outside-23,0.0,103630.0,11.548591791847038,Tsunashima
綾瀬,2.0,1731.0,2.0,0.0266719676701535,0.0961538461538461,0.0261525063291057,35.76212,139.82481,6.209658525593829,足立区,62764.0,455014.0,13.028085664422656,Ayase
緑が丘,1.0,730.0,2.0,0.0032074050217671,0.0769230769230769,0.0032074050217671,35.606455,139.679127,4.4678517165411895,目黒区,62013.0,13050.0,9.476620038167528,Midorigaoka
練馬,5.0,3096.0,1.0,0.0503284087990258,0.158974358974359,0.0189069685072274,35.737746200000004,139.6538004,5.1182186660756575,練馬区,71389.0,216276.0,12.284315272491655,Nerima
練馬春日町,1.0,788.0,1.0,0.0503284087990258,0.3333333333333333,0.0503284087990258,35.75141,139.6403,6.809391625183246,練馬区,61391.0,23110.0,10.048063973643371,Nerima-kasugacho
練馬高野台,1.0,719.0,1.0,0.0054994731144995,0.1282051282051282,0.0054994731144995,35.7408,139.61666,8.40212847341873,練馬区,56854.0,27327.0,10.215667096588296,Nerima-Takanodai
羽田空港第1ターミナル,1.0,815.0,2.0,0.0,0.0128205128205128,0.0,35.549142,139.784712,9.350700156237275,大田区,0.0,27549.0,10.22375781458106,Haneda Airport Terminal 1
羽田空港第1・第2ターミナル,1.0,724.0,1.0,0.0256410256410256,0.1025641025641025,0.0256410256410256,35.549783,139.785976,9.35422070660701,大田区,0.0,97330.0,11.485872819692222,Haneda Airport Terminal 1·2
羽田空港第2ターミナル,1.0,815.0,2.0,0.0,0.0128205128205128,0.0,35.550703,139.787996,9.373357350716573,大田区,0.0,29417.0,10.289362010879287,Haneda Airport Terminal 2
羽田空港第3ターミナル,2.0,1539.0,1.0,0.0256410256410256,0.0576923076923076,0.0128205128205128,35.5447475,139.768161,9.072845438560645,大田区,0.0,39772.0,10.590943569100782,Haneda Airport Terminal 3
自由が丘,2.0,2280.0,1.0,0.0812066517220394,0.141025641025641,0.0422070283719032,35.6073495,139.668532,5.15895695194973,目黒区,61434.0,156160.0,11.95864280531494,Jiyūgaoka
舎人,1.0,928.0,1.0,0.0107189385803398,0.1153846153846153,0.0107189385803398,35.80569,139.770069,7.632844629782643,足立区,30252.0,8733.0,9.074978734045509,Toneri
舎人公園,1.0,928.0,1.0,0.0107189385803398,0.1153846153846153,0.0107189385803398,35.796384,139.770159,6.605193898741624,足立区,27472.0,4760.0,8.46821300919452,Toneri-koen
舞浜,2.0,770.0,1.0,0.0008736492480334,0.1538461538461538,0.0004368246240167,35.63603,139.8837,11.646369224670332,Outside-23,0.0,166314.0,12.021638859549943,Maihama
船堀,1.0,726.0,1.0,0.0039051722755225,0.2179487179487179,0.0039051722755225,35.68376,139.863955,8.38107472502916,江戸川区,51990.0,64062.0,11.067622253162456,Funabori
芝公園,1.0,754.0,1.0,0.0044180949557833,0.141025641025641,0.0044180949557833,35.654186,139.74985,0.6657710335272861,港区,43550.0,33271.0,10.412471481422749,Shibakoen
芝浦ふ頭,1.0,944.0,1.0,0.0031402759574739,0.1153846153846153,0.0031402759574739,35.64178,139.75781,1.0223005972617858,港区,31546.0,5090.0,8.535229553902337,Shibaura-futō
芦花公園,1.0,469.0,1.0,0.0343543458428573,0.1923076923076923,0.0343543458428573,35.67052,139.60825,8.524204978219785,世田谷区,71748.0,14929.0,9.611127890533236,Roka-kōen
花月総持寺,1.0,457.0,1.0,0.0258911023616905,0.1153846153846153,0.0258911023616905,35.500396,139.672974,14.173587112050388,Outside-23,0.0,7022.0,8.856945756159021,Kagetsu-sōjiji
若松河田,1.0,756.0,1.0,0.0503284087990258,0.3333333333333333,0.0503284087990258,35.699188,139.718043,1.629410532450221,新宿区,30827.0,32326.0,10.383658073342485,Wakamatsu-kawada
若林,1.0,674.0,2.0,0.0001538865175228,0.0256410256410256,0.0001538865175228,35.646,139.659886,3.987395933763029,世田谷区,81954.0,15359.0,9.639522006701664,Wakabayashi
茅場町,2.0,1976.0,1.0,0.0210721042882315,0.2243589743589743,0.0205467842385141,35.679711999999995,139.7794445,1.13422400325169,中央区,29934.0,129424.0,11.770856841770104,Kayabacho
茗荷谷,1.0,1087.0,1.0,0.0250550258047314,0.2948717948717949,0.0250550258047314,35.7172,139.736895,1.793171781421966,文京区,83781.0,78179.0,11.266769139346946,Myogadani
草加,1.0,1119.0,2.0,0.0320053421544036,0.1153846153846153,0.0320053421544036,35.82838,139.80346,10.80171816893684,Outside-23,0.0,88682.0,11.392823492657367,Soka
荏原中延,1.0,778.0,1.0,0.0012100513866994,0.0641025641025641,0.0012100513866994,35.610001,139.711985,1.8260290211887376,品川区,99085.0,13910.0,9.54043517305957,Ebara-nakanobu
荏原町,1.0,730.0,2.0,0.0032074050217671,0.0769230769230769,0.0032074050217671,35.603771,139.707904,2.5546632112768664,品川区,94597.0,17976.0,9.796848442046416,Ebara-machi
荒川一中前,1.0,932.0,2.0,0.0001110001110001,0.0256410256410256,0.0001110001110001,35.733768,139.788841,1.704667579707548,荒川区,79650.0,699.0,6.551080335043404,Arakawa-itchumae
荒川七丁目,1.0,932.0,2.0,0.0001110001110001,0.0256410256410256,0.0001110001110001,35.741923,139.78421,1.93330305291085,荒川区,71695.0,473.0,6.161207321695077,Arakawa-nanachome
荒川二丁目,1.0,932.0,2.0,0.0001110001110001,0.0256410256410256,0.0001110001110001,35.738573,139.784704,1.779767159042966,荒川区,82064.0,845.0,6.740519359606223,Arakawa-nichome
荒川区役所前,1.0,932.0,2.0,0.0001110001110001,0.0256410256410256,0.0001110001110001,35.734913,139.786416,1.6446390735268086,荒川区,84989.0,1689.0,7.432483807917119,Arakawa-kuyakushomae
荒川車庫前,1.0,1060.0,2.0,0.0001110001110001,0.0256410256410256,0.0001110001110001,35.750865,139.752461,1.6133803295784133,荒川区,54091.0,3350.0,8.11701408773731,Arakawa-shakomae
荒川遊園地前,1.0,964.0,2.0,0.0001110001110001,0.0256410256410256,0.0001110001110001,35.750646,139.757517,1.5159042726329823,荒川区,60378.0,2207.0,7.699842407396986,Arakawa-yuenchimae
荻窪,3.0,2535.0,1.0,0.031915553902728,0.2905982905982906,0.0253761830933968,35.70434,139.62011,7.233916356810591,杉並区,88391.0,274856.0,12.52400624140182,Ogikubo
菅野,1.0,430.0,1.0,0.0293823137877515,0.141025641025641,0.0293823137877515,35.72802,139.91926,12.785425154516036,Outside-23,0.0,4195.0,8.341886969516187,Sugano
菊名,2.0,1775.0,1.0,0.0812066517220394,0.1089743589743589,0.0406033258610197,35.50964,139.63012,15.117416858993554,Outside-23,0.0,245108.0,12.409458288548294,Kikuna
菊川,1.0,724.0,1.0,0.0039051722755225,0.2179487179487179,0.0039051722755225,35.688399,139.806057,3.1896957067393577,墨田区,82998.0,34054.0,10.435732143675418,Kikukawa
落合,1.0,983.0,1.0,0.0210721042882315,0.2051282051282051,0.0210721042882315,35.710635,139.685965,1.6181882799817386,中野区,97094.0,27490.0,10.221613957361985,Ochiai
落合南長崎,1.0,788.0,1.0,0.0503284087990258,0.3333333333333333,0.0503284087990258,35.723435,139.683389,2.0917147243534657,新宿区,82066.0,28212.0,10.24753814360942,Ochiai-minami-nagasaki
葛西,1.0,736.0,1.0,0.0210721042882315,0.2051282051282051,0.0210721042882315,35.663616,139.87253,9.713093933784291,江戸川区,95587.0,107152.0,11.58201299864324,Kasai
葛西臨海公園,2.0,673.0,1.0,0.0008736492480334,0.1538461538461538,0.0004368246240167,35.64436,139.86148,9.469139102416989,江戸川区,20073.0,27458.0,10.220449262052888,Kasai-Rinkai Park
蒲田,3.0,2416.0,1.0,0.0922427032887405,0.1709401709401709,0.0316259616719242,35.56214,139.71566,6.495616905957025,大田区,92208.0,461510.0,13.042261167960596,Kamata
蓮根,1.0,750.0,1.0,0.0044180949557833,0.141025641025641,0.0044180949557833,35.784262,139.678947,6.698764725824825,板橋区,68544.0,19459.0,9.876116355739995,Hasune
蓮沼,1.0,756.0,1.0,0.0012100513866994,0.0641025641025641,0.0012100513866994,35.564387,139.708594,6.397954235110771,大田区,93869.0,8577.0,9.056956065076823,Hasunuma
蔵前,2.0,1635.0,1.0,0.0503284087990258,0.2884615384615384,0.0394906717491631,35.7043575,139.791551,1.5666082950162972,台東区,69546.0,73606.0,11.206495408890074,Kuramae
蕨,1.0,929.0,1.0,0.0922427032887405,0.3974358974358974,0.0922427032887405,35.82803,139.6905,11.066256933784032,Outside-23,0.0,123052.0,11.720370435855203,Warabi
虎ノ門,1.0,1147.0,1.0,0.0452863952870408,0.3461538461538461,0.0452863952870408,35.67016,139.75012,0.821966873609722,港区,14872.0,110008.0,11.608317459609449,Toranomon
行徳,1.0,713.0,1.0,0.0210721042882315,0.2051282051282051,0.0210721042882315,35.68262,139.914185,12.87629710178518,Outside-23,11493.0,57818.0,10.96507272036716,Gyotoku
表参道,3.0,3055.0,1.0,0.0452863952870408,0.2478632478632478,0.0348040696772304,35.66524533333333,139.71209733333333,1.089169277176162,港区,34778.0,183989.0,12.12263668728814,Omote-sando
西ヶ原四丁目,1.0,942.0,2.0,0.0001110001110001,0.0256410256410256,0.0001110001110001,35.744222,139.732665,1.346334519843374,北区,77721.0,2515.0,7.830425617820331,Nishigahara-yonchome
西台,1.0,750.0,1.0,0.0044180949557833,0.141025641025641,0.0044180949557833,35.787074,139.672867,7.226313616783388,板橋区,74646.0,27098.0,10.207252105817954,Nishidai
西大井,3.0,704.0,1.0,0.0359715715561084,0.2222222222222222,0.0152464294460844,35.60075,139.72122,2.196800835569306,品川区,84342.0,31666.0,10.363030408174955,Nishi-Ōi
西大島,1.0,724.0,1.0,0.0039051722755225,0.2179487179487179,0.0039051722755225,35.689391,139.826231,4.917396360282244,江東区,92524.0,29561.0,10.294245031772018,Nishi-ojima
西太子堂,1.0,674.0,2.0,0.0001538865175228,0.0256410256410256,0.0001538865175228,35.644844,139.666036,3.519800537949042,世田谷区,96219.0,882.0,6.78332520060396,Nishi-taishidō
西小山,1.0,702.0,1.0,0.0211454066109251,0.1025641025641025,0.0211454066109251,35.615743,139.698888,2.491073831940376,品川区,74590.0,37342.0,10.527900756664334,Nishi-koyama
西川口,1.0,929.0,1.0,0.0922427032887405,0.3974358974358974,0.0922427032887405,35.81544,139.70399,9.532257975930246,Outside-23,0.0,117142.0,11.671150689696574,Nishi-Kawaguchi
西巣鴨,1.0,752.0,1.0,0.0044180949557833,0.141025641025641,0.0044180949557833,35.743568,139.728703,1.3361830683182203,豊島区,92621.0,30335.0,10.320090405054748,Nishi-sugamo
西新井,2.0,1632.0,2.0,0.0320053421544036,0.0641025641025641,0.0160026710772018,35.77728,139.79037,5.143489432474826,足立区,71084.0,66712.0,11.108155115461406,Nishiarai
西新井大師西,1.0,892.0,1.0,0.0107189385803398,0.1153846153846153,0.0107189385803398,35.78151,139.770077,4.965631425550069,足立区,53708.0,12163.0,9.406236048797256,Nishiaraidaishi-nishi
西新宿,1.0,1056.0,1.0,0.0250550258047314,0.2948717948717949,0.0250550258047314,35.694515,139.69256,0.8550356945626879,新宿区,53956.0,91457.0,11.423635129489895,Nishi-shinjuku
西新宿五丁目,1.0,788.0,1.0,0.0503284087990258,0.3333333333333333,0.0503284087990258,35.689892,139.684545,1.4304308425543766,新宿区,92193.0,36022.0,10.491912902324517,Nishi-shinjuku-gochome
西日暮里,4.0,3506.0,0.0,0.2422528336324923,0.5,0.1672477684606164,35.73184,139.76676,0.0,荒川区,78717.5,401216.0,12.902257707053568,Nishi-Nippori
西早稲田,1.0,684.0,1.0,0.0186180234263645,0.2179487179487179,0.0186180234263645,35.707806,139.70912,0.7296000104310981,新宿区,87149.0,39863.0,10.59322893996124,Nishi-waseda
西武新宿,1.0,1128.0,1.0,0.0,0.0384615384615384,0.0,35.69624,139.7,0.5004586450109252,新宿区,61626.0,183666.0,12.120879614347327,Seibu-Shinjuku
西武柳沢,1.0,544.0,1.0,0.0,0.0384615384615384,0.0,35.72862,139.55261,13.671942788160306,Outside-23,47247.0,16616.0,9.718181546701214,Seibu-Yagisawa
西永福,1.0,657.0,1.0,0.0295759923537318,0.1794871794871795,0.0295759923537318,35.67888,139.63516,6.023002158184302,杉並区,58213.0,18838.0,9.843684468165376,Nishi-eifuku
西浦和,1.0,494.0,1.0,0.0008736492480334,0.1666666666666666,0.0008736492480334,35.84405,139.6276,14.751956140904698,Outside-23,0.0,29910.0,10.30598158469934,Nishi-Urawa
西荻窪,2.0,1326.0,1.0,0.031915553902728,0.2884615384615384,0.0255367617377296,35.70351,139.59928,9.108968431940438,杉並区,75252.0,91556.0,11.424717008129967,Nishi-Ogikubo
西葛西,1.0,736.0,1.0,0.0210721042882315,0.2051282051282051,0.0210721042882315,35.664562,139.8596,8.56561237932983,江戸川区,107634.0,105321.0,11.56477760317548,Nishi-kasai
西馬込,1.0,636.0,1.0,0.0286529346993004,0.2435897435897435,0.0286529346993004,35.58705,139.706086,4.144835249336007,大田区,70213.0,49538.0,10.810515517131098,Nishi-magome
西高島平,1.0,706.0,1.0,0.0044180949557833,0.141025641025641,0.0044180949557833,35.791965,139.645421,9.087224249380188,板橋区,35709.0,13606.0,9.518339645190858,Nishi-takashimadaira
要町,2.0,1430.0,1.0,0.038428907983954,0.2179487179487179,0.0285234657051593,35.733215,139.69848,1.1835520183218056,豊島区,73008.0,41969.0,10.644710356327636,Kanamecho
見沼代親水公園,1.0,928.0,1.0,0.0107189385803398,0.1153846153846153,0.0107189385803398,35.814541,139.770707,8.61789511835683,足立区,22860.0,13719.0,9.526609901279876,Minumadai-shinsuikoen
護国寺,1.0,832.0,1.0,0.038428907983954,0.2179487179487179,0.038428907983954,35.71918,139.72745,1.3782518539597104,文京区,65508.0,43428.0,10.678882699705406,Gokokuji
谷在家,1.0,892.0,1.0,0.0107189385803398,0.1153846153846153,0.0107189385803398,35.788787,139.770036,5.765767385868862,足立区,43282.0,10870.0,9.293853972204,Yazaike
谷塚,1.0,541.0,2.0,0.0320053421544036,0.1153846153846153,0.0320053421544036,35.81486,139.80146,9.337476814407832,Outside-23,9248.0,38681.0,10.563129654538676,Yatsuka
豊島園,2.0,1093.0,1.0,0.0503284087990258,0.1923076923076923,0.0251642043995129,35.74193,139.64792,5.790733017113334,練馬区,74758.0,26671.0,10.191369604990577,Toshimaen
豊洲,2.0,1789.0,1.0,0.038428907983954,0.1666666666666666,0.0207845919707139,35.655153,139.795994,3.5187620280672887,江東区,81394.0,256759.0,12.455897075425714,Toyosu
豪徳寺,1.0,516.0,1.0,0.0032201422189731,0.1538461538461538,0.0032201422189731,35.65374,139.64735,4.913979686447614,世田谷区,88108.0,28656.0,10.263153020397368,Gotokuji
赤土小学校前,1.0,892.0,1.0,0.0107189385803398,0.1153846153846153,0.0107189385803398,35.742868,139.769025,0.9122328195299778,荒川区,76218.0,5216.0,8.559677803022392,Akado-shogakkomae
赤坂,1.0,897.0,2.0,0.025633044988058,0.141025641025641,0.025633044988058,35.672104,139.736413,2.0437812933683084,港区,28904.0,131394.0,11.78596333255828,Akasaka
赤坂見附,2.0,2198.0,1.0,0.0452863952870408,0.3205128205128205,0.0351707105458861,35.676845,139.737347,2.1943314062470938,港区,17620.0,121665.0,11.709034864429452,Akasaka-mitsuke
赤羽,5.0,2557.0,1.0,0.0922427032887405,0.2974358974358974,0.0313469075023582,35.77767,139.72093,5.150357023665032,北区,64755.0,194498.0,12.178182300639246,Akabane
赤羽岩淵,2.0,1255.0,1.0,0.0295215446290046,0.0897435897435897,0.0147607723145023,35.783355,139.72211,5.670876396017621,北区,50440.0,100337.0,11.516299765609178,Akabane-iwabuchi
赤羽橋,1.0,788.0,1.0,0.0503284087990258,0.3333333333333333,0.0503284087990258,35.654985,139.743989,1.0785328690108753,港区,51555.0,42784.0,10.663942852852156,Akabanebashi
越中島,2.0,673.0,1.0,0.0008736492480334,0.1538461538461538,0.0004368246240167,35.66713,139.79315,2.836382007937582,江東区,73150.0,11470.0,9.347577390281268,Etchūjima
足立小台,1.0,892.0,1.0,0.0107189385803398,0.1153846153846153,0.0107189385803398,35.754655,139.770376,2.0795177390303348,足立区,52959.0,3875.0,8.262558973010657,Adachi-odai
辰巳,1.0,832.0,1.0,0.038428907983954,0.2179487179487179,0.038428907983954,35.645775,139.81033,4.9331222839037325,江東区,34891.0,30603.0,10.328885998351742,Tatsumi
都庁前,1.0,1548.0,1.0,0.0503284087990258,0.3333333333333333,0.0503284087990258,35.69057375539,139.69268551722,0.696270304489589,新宿区,63106.0,51967.0,10.85838342352135,Tochomae
都立大学,1.0,647.0,1.0,0.0812066517220394,0.2051282051282051,0.0812066517220394,35.617187,139.675951,4.022404216299558,目黒区,68479.0,49045.0,10.800513912228825,Toritsu-daigaku
都立家政,1.0,492.0,1.0,0.0,0.0384615384615384,0.0,35.72225,139.64458,5.443273733813951,中野区,73492.0,19236.0,9.86459078690618,Toritsu-Kasei
都筑ふれあいの丘,1.0,600.0,2.0,0.0007857222142936,0.0512820512820512,0.0007857222142936,35.536637,139.561611,17.61011681803107,Outside-23,0.0,22282.0,10.011579334886967,Tsuzuki-fureainooka
都電雑司ヶ谷,1.0,912.0,2.0,0.0001110001110001,0.0256410256410256,0.0001110001110001,35.724081,139.717835,0.8978043277937877,豊島区,63398.0,1067.0,6.97354301952014,Toden-zoshigaya
野方,1.0,492.0,1.0,0.0,0.0384615384615384,0.0,35.71958,139.65271,4.667833335994813,中野区,79970.0,25560.0,10.148823031356836,Nogata
金町,1.0,556.0,2.0,0.0266719676701535,0.0512820512820512,0.0266719676701535,35.76934,139.87009,9.890092172472412,葛飾区,53499.0,103414.0,11.546505298233424,Kanamachi
鈴木町,1.0,475.0,2.0,0.0,0.0128205128205128,0.0,35.535333,139.720271,9.402785147738316,Outside-23,4700.0,11229.0,9.326344047732489,Suzukichō
銀座,3.0,3192.0,1.0,0.0452863952870408,0.2948717948717949,0.0301209617601897,35.6721258,139.76418473333334,0.3312632287381635,中央区,11973.0,257440.0,12.458545846618916,Ginza
銀座一丁目,1.0,832.0,1.0,0.038428907983954,0.2179487179487179,0.038428907983954,35.674519,139.766786,0.355490621874364,中央区,12361.0,39562.0,10.585649617037316,Ginza-itchome
錦糸町,3.0,2385.0,1.0,0.0334927687565924,0.2564102564102564,0.0334927687565924,35.697441,139.814957,3.716075590391539,墨田区,85233.0,321474.0,12.68067505913864,Kinshicho
鐘ヶ淵,1.0,445.0,2.0,0.0320053421544036,0.1153846153846153,0.0320053421544036,35.73376,139.82037,4.079298387642168,墨田区,62262.0,12839.0,9.460320577243952,Kanegafuchi
長原,1.0,778.0,1.0,0.0012100513866994,0.0641025641025641,0.0012100513866994,35.602201,139.697689,3.381959915809105,大田区,74613.0,27115.0,10.207879238550856,Nagahara
門前仲町,2.0,1768.0,1.0,0.0503284087990258,0.2692307692307692,0.0357002565436286,35.672332,139.7956115,2.7667019912914363,江東区,48677.0,206724.0,12.239144686590368,Monzen-nakacho
雑司が谷,1.0,684.0,1.0,0.0186180234263645,0.2179487179487179,0.0186180234263645,35.7202,139.714715,0.7678065339584719,豊島区,69863.0,19339.0,9.869930769007285,Zoshigaya
雑色,1.0,445.0,1.0,0.0258911023616905,0.1153846153846153,0.0258911023616905,35.549526,139.714933,7.88994363945765,大田区,87667.0,32138.0,10.377825524930667,Zōshiki
雪が谷大塚,1.0,812.0,1.0,0.0012100513866994,0.0641025641025641,0.0012100513866994,35.59201,139.680964,5.271007004279124,大田区,54562.0,25644.0,10.152103899823368,Yukigaya-ōtsuka
青井,1.0,520.0,1.0,0.0031765482948732,0.1153846153846153,0.0031765482948732,35.7717401,139.8203272,6.539843943739944,足立区,55587.0,13100.0,9.48044384215367,Aoi
青山一丁目,3.0,2925.0,1.0,0.0503284087990258,0.3119658119658119,0.0430358576142196,35.672882333333334,139.72407166666667,1.9467261555337176,港区,27112.0,194946.0,12.180483005731167,Aoyama-itchome
青海,1.0,944.0,1.0,0.0031402759574739,0.1153846153846153,0.0031402759574739,35.62479,139.78131,3.835061048606093,江東区,7991.0,12146.0,9.404837504700271,Aomi
青物横丁,1.0,1055.0,1.0,0.0258911023616905,0.1153846153846153,0.0258911023616905,35.609505,139.742771,1.7238141817537358,品川区,76606.0,43796.0,10.68732060086809,Aomono-yokochō
青砥,4.0,2430.0,1.0,0.0293823137877515,0.1121794871794871,0.0150581429529991,35.74565,139.85597,7.551928686522819,葛飾区,51508.0,51039.0,10.840364918018672,Aoto
面影橋,1.0,912.0,2.0,0.0001110001110001,0.0256410256410256,0.0001110001110001,35.713012,139.714199,0.9477188388938732,新宿区,71076.0,822.0,6.71295620067707,Omokagebashi
飛鳥山,1.0,942.0,2.0,0.0001110001110001,0.0256410256410256,0.0001110001110001,35.750109,139.737333,1.7558461916529946,北区,60039.0,993.0,6.901737206656574,Asukayama
飯田橋,5.0,4199.0,1.0,0.0503284087990258,0.2384615384615384,0.0342533039205888,35.701690166666666,139.74445466666668,2.5953081520583066,千代田区,25005.0,414600.0,12.935071890944243,Iidabashi
馬喰横山,1.0,742.0,1.0,0.0039051722755225,0.2179487179487179,0.0039051722755225,35.69193,139.783006,1.1165746838836417,中央区,47964.0,118024.0,11.678651745414488,Bakuro-yokoyama
馬喰町,1.0,512.0,1.0,0.0007511044474081,0.1538461538461538,0.0007511044474081,35.69324,139.78232,1.0177518349650685,中央区,51205.0,52384.0,10.866375569787063,Bakurochō
馬橋,2.0,782.0,2.0,0.0266719676701535,0.032051282051282,0.0133359838350767,35.81128,139.91703,16.055294626008944,Outside-23,0.0,54638.0,10.908503192466654,Mabashi
馬込,1.0,636.0,1.0,0.0286529346993004,0.2435897435897435,0.0286529346993004,35.596773,139.711884,2.945860374843246,大田区,88029.0,29491.0,10.29187431910954,Magome
駒場東大前,1.0,653.0,1.0,0.0295759923537318,0.1794871794871795,0.0295759923537318,35.65867,139.68408,1.5749169831799703,目黒区,55156.0,37851.0,10.541439097628125,Komaba-tōdaimae
駒沢大学,1.0,757.0,1.0,0.0465156449618751,0.1538461538461538,0.0465156449618751,35.634069,139.661652,4.473899295566459,世田谷区,72474.0,80468.0,11.295627296071537,Komazawa-daigaku
駒込,2.0,1746.0,0.0,0.2422528336324923,0.3846153846153846,0.1358871891307484,35.73684,139.74788,0.0,豊島区,74781.0,140767.0,11.854868424148446,Komagome
高井戸,1.0,657.0,1.0,0.0295759923537318,0.1794871794871795,0.0295759923537318,35.68326,139.61523,7.728687972654384,杉並区,52143.0,44197.0,10.69643481817325,Takaido
高円寺,2.0,1326.0,1.0,0.031915553902728,0.2884615384615384,0.0255367617377296,35.70518,139.64955,4.591096263299134,杉並区,96894.0,103526.0,11.54758772723223,Kōenji
高島平,1.0,754.0,1.0,0.0044180949557833,0.141025641025641,0.0044180949557833,35.788908,139.661361,7.941357119959608,板橋区,57092.0,30651.0,10.330453192090294,Takashimadaira
高津,2.0,730.0,1.0,0.0465156449618751,0.1153846153846153,0.0248615249918211,35.603062,139.61669,9.565714351507491,Outside-23,0.0,32604.0,10.392220929827303,Takatsu
高田,1.0,601.0,2.0,0.0007857222142936,0.0512820512820512,0.0007857222142936,35.549594,139.620231,12.499593656437636,Outside-23,0.0,27834.0,10.234049500617608,Takata
高田馬場,3.0,3131.0,0.0,0.2422528336324923,0.282051282051282,0.0877749793069079,35.71268,139.70371,0.0,新宿区,73583.0,925486.0,13.738075364435664,Takadanobaba
高輪台,1.0,636.0,1.0,0.0286529346993004,0.2435897435897435,0.0286529346993004,35.631751,139.730384,0.8209240039942315,港区,62757.0,14863.0,9.60669746105362,Takanawadai
高野,1.0,892.0,1.0,0.0107189385803398,0.1153846153846153,0.0107189385803398,35.768351,139.770692,3.540354513385639,足立区,46476.0,6357.0,8.757469141470748,Koya
鬼子母神前,1.0,912.0,2.0,0.0001110001110001,0.0256410256410256,0.0001110001110001,35.720569,139.71516,0.8091315654164648,豊島区,79711.0,2564.0,7.84971375760487,Kishibojimmae
鮫洲,1.0,438.0,1.0,0.0258911023616905,0.1153846153846153,0.0258911023616905,35.605307,139.74276,2.058876046255337,品川区,84828.0,11313.0,9.3337961759031,Samezu
鰭ヶ崎,1.0,246.0,3.0,0.0,0.0128205128205128,0.0,35.84101,139.910894,17.72946378379453,Outside-23,0.0,1151.0,7.049254841255837,Hiregasaki
鳩ヶ谷,1.0,533.0,2.0,0.0,0.0128205128205128,0.0,35.8308818,139.7361492,10.510374337056088,Outside-23,0.0,23700.0,10.073272520325904,Hatogaya
鴨居,1.0,612.0,2.0,0.0,0.0128205128205128,0.0,35.51075,139.56623,19.01606811224616,Outside-23,0.0,79370.0,11.2818883412244,Kamoi
鵜の木,1.0,706.0,2.0,0.0014251303403327,0.0512820512820512,0.0014251303403327,35.575263,139.680629,6.554202797792864,大田区,45344.0,19820.0,9.894497260697996,Unoki
鶯谷,2.0,1700.0,0.0,0.2422528336324923,0.5,0.1672477684606164,35.72129,139.77787,0.0,台東区,52355.0,52296.0,10.864694287031115,Uguisudani
鶴見,2.0,1130.0,1.0,0.0922427032887405,0.2115384615384615,0.0482252840088702,35.50826,139.67595,13.260476884391014,Outside-23,0.0,162112.0,11.996048901917137,Tsurumi
鶴見市場,1.0,457.0,1.0,0.0258911023616905,0.1153846153846153,0.0258911023616905,35.51781,139.6866,11.935698641169656,Outside-23,0.0,21572.0,9.979197811770604,Tsurumi-ichiba
鷺ノ宮,1.0,1007.0,1.0,0.0,0.0384615384615384,0.0,35.72251,139.63893,5.949582841458259,中野区,74385.0,33147.0,10.408737661968932,Saginomiya
鷺沼,1.0,1152.0,1.0,0.0465156449618751,0.1538461538461538,0.0465156449618751,35.579526,139.572854,14.23816076676515,Outside-23,0.0,63155.0,11.05336313514178,Saginuma
鹿島田,1.0,703.0,2.0,0.0218068409560354,0.1025641025641025,0.0218068409560354,35.55131,139.67483,9.007899321845024,Outside-23,0.0,38322.0,10.553805517120653,Kashimada
麻布十番,2.0,1522.0,1.0,0.0503284087990258,0.25,0.0399249767140152,35.655629,139.73668750000002,1.4769349683579631,港区,58121.0,86285.0,11.365422639114437,Azabu-juban
